id,Gemeente,fietsgebruik2017klik,fietsgebruik2017klik_Percentage,kindmethandicap_2015,kindmethandicap_2015_Percentage,avg_Hoogrisicoopangstofdepressie_percentage,avg_Matigofhoogrisicoopangstofdepressie_percentage,avg_Beperkingeninbewegen_percentage,avg_Gehoorbeperkingen_percentage,avg_Gezichtsbeperkingen_percentage,avg_Eenofmeerbeperkingen_percentage,avg_Eenzaamheid_percentage,avg_Ernstigeeenzaamheid_percentage,avg_Goedervarengezondheid_percentage,avg_Mantelzorgers_percentage,avg_Ernstigovergewicht_percentage,avg_Mantelzorgontvangers_percentage,avg_Overgewicht_percentage,avg_Regieeigenleven_percentage,avg_Alcoholrichtlijn_percentage,Beweegrichtlijnen,bot_plus_spierversterkende_activiteiten,matig_plus_zwaar_intenstieve_activiteiten,wekelijks_sporten
965,Simpelveld,Fietsgebruik,"3,70",Kinderen met een handicap,"5,4",7.0,42.5,11.5,5.0,6.5,16.5,44.0,11.5,71.0,16.5,17.0,12.5,55.5,88.0,42.0,39,77,44,44
981,Vaals,Fietsgebruik,"6,60",Kinderen met een handicap,"2,2",7.0,45.0,11.0,5.0,7.5,16.0,49.0,13.0,69.0,15.5,16.0,12.0,54.0,87.5,40.5,41,77,46,46
899,Brunssum,Fietsgebruik,"10,50",Kinderen met een handicap,"3,3",10.4,50.0,16.6,7.2,8.8,23.2,50.4,13.6,64.0,15.6,19.6,14.8,58.6,85.2,45.2,38,75,43,43
951,Nuth,Fietsgebruik,"10,70",Kinderen met een handicap,"2,5",5.75,40.5,10.5,5.25,6.0,15.75,43.5,10.0,72.75,17.0,15.5,12.5,53.5,88.75,39.75,43,79,48,51
928,Kerkrade,Fietsgebruik,"10,80",Kinderen met een handicap,"3,9",11.0,50.333333333333336,16.333333333333332,6.333333333333333,9.333333333333334,22.666666666666668,52.666666666666664,15.0,63.666666666666664,14.666666666666666,19.333333333333332,13.666666666666666,57.666666666666664,84.33333333333333,47.333333333333336,36,74,41,36
882,Landgraaf,Fietsgebruik,"12,50",Kinderen met een handicap,"3,5",9.333333333333334,46.0,15.333333333333334,6.0,7.666666666666667,20.666666666666668,49.333333333333336,13.333333333333334,66.0,15.666666666666666,18.666666666666668,12.333333333333334,56.0,85.66666666666667,45.666666666666664,40,76,46,42
917,Heerlen,Fietsgebruik,"12,80",Kinderen met een handicap,"4,0",10.869565217391303,49.347826086956516,15.652173913043477,6.3478260869565215,8.391304347826086,21.913043478260875,51.91304347826086,15.086956521739129,64.78260869565217,14.913043478260866,18.1304347826087,13.130434782608695,55.04347826086957,84.95652173913045,45.21739130434783,39,74,45,41
994,Valkenburg aan de Geul,Fietsgebruik,"13,10",Kinderen met een handicap,"2,7",5.5,39.5,9.666666666666668,4.5,5.5,15.0,44.0,10.666666666666666,72.83333333333333,17.166666666666668,14.666666666666666,11.666666666666666,51.16666666666667,89.33333333333334,38.166666666666664,44,78,49,44
1729,Gulpen-Wittem,Fietsgebruik,"13,60",Kinderen met een handicap,"2,4",5.428571428571429,40.0,9.285714285714286,4.571428571428572,5.857142857142857,14.571428571428571,43.285714285714285,9.714285714285715,73.42857142857142,17.000000000000004,14.714285714285714,10.571428571428571,52.0,89.0,38.857142857142854,37,78,43,42
971,Stein,Fietsgebruik,"14,70",Kinderen met een handicap,"3,4",6.666666666666667,43.333333333333336,11.666666666666666,5.666666666666667,6.0,17.0,46.333333333333336,11.0,69.66666666666667,17.0,16.666666666666668,12.0,54.666666666666664,87.66666666666667,41.0,47,79,54,48
893,Bergen (L.),Fietsgebruik,"15,10",Kinderen met een handicap,"2,9",5.0,40.714285714285715,8.857142857142856,5.142857142857143,5.428571428571429,14.857142857142856,40.857142857142854,8.714285714285714,75.14285714285714,18.999999999999996,15.142857142857144,11.142857142857142,54.285714285714285,90.57142857142857,36.142857142857146,52,78,59,49
340,Rhenen,Fietsgebruik,"15,40",Kinderen met een handicap,"2,5",5.714285714285714,43.142857142857146,9.928571428571429,5.285714285714286,5.0,14.928571428571427,39.57142857142858,7.357142857142858,76.92857142857143,16.5,15.214285714285715,10.833333333333334,52.07142857142857,88.92857142857142,44.07142857142858,44,76,51,49
881,Onderbanken,Fietsgebruik,"17,10",Kinderen met een handicap,"3,2",8.0,46.0,13.0,7.0,7.0,20.0,46.0,11.0,67.0,17.0,18.0,14.0,58.0,87.0,42.0,45,77,53,50
888,Beek,Fietsgebruik,"17,40",Kinderen met een handicap,"2,6",6.0,40.0,10.0,5.0,5.5,15.5,43.5,10.0,73.5,17.5,15.0,11.5,52.0,89.5,37.5,45,76,51,47
944,Mook en Middelaar,Fietsgebruik,"17,60",Kinderen met een handicap,"2,9",3.5,37.5,8.0,4.5,5.0,13.0,40.0,8.0,78.0,19.0,11.5,9.0,49.5,92.0,36.5,58,84,64,56
962,Schinnen,Fietsgebruik,"17,80",Kinderen met een handicap,"2,7",6.5,42.0,12.0,5.5,6.5,17.0,45.0,10.5,72.5,17.0,16.5,12.0,55.0,88.5,39.5,40,76,46,48
986,Voerendaal,Fietsgebruik,"18,00",Kinderen met een handicap,"2,8",5.666666666666667,40.0,10.166666666666668,4.5,5.5,15.666666666666666,44.16666666666667,10.0,73.33333333333333,17.0,14.666666666666668,10.333333333333332,51.5,89.33333333333333,40.0,36,77,42,48
879,Zundert,Fietsgebruik,"19,70",Kinderen met een handicap,"2,8",5.8,45.8,9.4,6.8,6.2,16.6,46.0,10.6,72.0,17.0,14.8,13.2,51.8,87.0,37.0,47,71,58,50
938,Meerssen,Fietsgebruik,"19,70",Kinderen met een handicap,"2,5",5.666666666666667,40.0,10.666666666666666,5.0,6.0,16.0,44.0,10.0,72.33333333333333,16.666666666666668,15.666666666666666,12.0,52.666666666666664,89.66666666666667,37.0,46,79,53,49
1695,Noord-Beveland,Fietsgebruik,"20,10",Kinderen met een handicap,"2,7",5.333333333333333,44.16666666666667,11.166666666666668,5.5,5.166666666666666,17.0,46.0,11.0,71.5,17.666666666666664,15.666666666666668,14.0,52.0,88.16666666666666,46.833333333333336,48,77,56,44
502,Capelle aan den IJssel,Fietsgebruik,"20,80",Kinderen met een handicap,"2,0",7.555555555555555,46.111111111111114,11.444444444444445,4.777777777777778,6.888888888888889,16.77777777777778,46.333333333333336,11.555555555555555,73.0,13.333333333333334,16.444444444444443,11.0,53.22222222222222,88.0,47.111111111111114,45,78,53,51
252,Heumen,Fietsgebruik,"21,40",Kinderen met een handicap,"2,5",4.5,42.5,9.0,5.0,5.0,14.0,41.0,7.5,77.5,17.0,12.5,11.5,47.5,91.0,37.5,57,78,66,60
1714,Sluis,Fietsgebruik,"21,50",Kinderen met een handicap,"3,3",5.333333333333333,45.53333333333334,11.933333333333334,5.7333333333333325,5.8,17.6,51.533333333333324,12.133333333333331,69.26666666666667,17.600000000000005,16.66666666666667,11.200000000000001,54.6,88.39999999999999,41.06666666666667,45,74,54,39
588,Korendijk,Fietsgebruik,"22,60",Kinderen met een handicap,"2,4",4.75,39.25,9.25,4.75,4.25,14.0,38.25,7.0,77.75,16.0,15.25,11.5,54.75,89.5,45.0,38,68,47,40
784,Gilze en Rijen,Fietsgebruik,"22,60",Kinderen met een handicap,"2,1",5.5,42.0,8.75,6.0,5.75,15.25,40.5,9.25,76.0,17.0,15.0,11.75,52.25,90.75,36.5,51,81,58,55
1641,Maasgouw,Fietsgebruik,"22,90",Kinderen met een handicap,"3,3",6.000000000000001,40.0,10.625,5.75,6.0,15.875000000000002,45.5,10.0,72.5,17.25,14.25,12.25,53.0,88.5,39.875,48,79,54,45
1883,Sittard-Geleen,Fietsgebruik,"22,90",Kinderen met een handicap,"3,1",7.875,44.87500000000001,13.5,6.25,6.5,18.500000000000004,47.5,12.125,69.0,16.625,17.250000000000004,14.875000000000002,54.0,86.49999999999999,43.375,45,77,50,47
797,Heusden,Fietsgebruik,"23,20",Kinderen met een handicap,"2,4",4.909090909090909,42.18181818181818,8.909090909090908,5.363636363636363,5.818181818181818,15.181818181818182,40.0,8.272727272727273,77.0,16.90909090909091,13.909090909090908,12.363636363636365,50.81818181818182,90.45454545454545,38.81818181818181,48,80,56,50
826,Oosterhout,Fietsgebruik,"23,40",Kinderen met een handicap,"3,1",5.642857142857144,43.5,9.785714285714285,5.071428571428571,5.857142857142857,16.285714285714285,42.78571428571429,9.785714285714285,75.35714285714286,17.142857142857142,14.499999999999998,10.571428571428571,51.214285714285715,90.14285714285714,37.357142857142854,46,79,51,51
34,Almere,Fietsgebruik,"23,90",Kinderen met een handicap,"3,0",6.8,43.6,8.6,4.4,4.4,13.6,46.4,11.4,75.0,12.8,15.2,10.0,51.4,90.2,44.0,45,74,53,50
668,West Maas en Waal,Fietsgebruik,"24,00",Kinderen met een handicap,"2,3",5.750000000000001,45.375,9.374999999999998,5.375,5.0,15.625,39.5,7.25,77.875,16.0,15.5,13.0,52.5,90.625,36.75,48,74,57,50
873,Woensdrecht,Fietsgebruik,"24,30",Kinderen met een handicap,"3,2",5.5,44.0,11.0,6.25,6.5,17.75,43.0,10.5,72.75,15.25,16.0,12.0,55.5,90.0,40.75,45,72,55,51
642,Zwijndrecht,Fietsgebruik,"24,40",Kinderen met een handicap,"3,1",6.0,41.444444444444436,10.222222222222221,4.888888888888889,5.111111111111111,15.000000000000002,42.55555555555556,9.555555555555555,75.77777777777777,15.0,16.0,11.222222222222221,53.44444444444444,89.00000000000001,47.111111111111114,41,74,47,48
744,Baarle-Nassau,Fietsgebruik,"24,40",Kinderen met een handicap,"1,9",5.0,42.333333333333336,10.0,5.0,5.0,15.333333333333334,48.666666666666664,10.0,73.33333333333333,16.666666666666668,15.0,12.333333333333334,54.333333333333336,88.0,44.0,43,75,50,46
482,Alblasserdam,Fietsgebruik,"24,90",Kinderen met een handicap,"2,9",5.333333333333334,40.5,8.666666666666666,4.5,4.5,13.0,40.166666666666664,8.166666666666666,79.16666666666666,15.333333333333334,14.166666666666668,11.6,51.16666666666667,90.16666666666666,51.166666666666664,42,72,50,42
809,Loon op Zand,Fietsgebruik,"24,90",Kinderen met een handicap,"3,0",5.25,44.25,9.75,5.75,6.0,16.25,41.25,9.25,75.75,16.75,14.75,12.75,53.5,90.0,37.0,49,81,56,49
1722,Ferwerderadiel,Fietsgebruik,"24,90",Kinderen met een handicap,"3,1",4.666666666666667,35.666666666666664,8.333333333333334,3.6666666666666665,3.6666666666666665,12.333333333333334,40.333333333333336,7.666666666666667,78.66666666666667,15.0,15.0,10.333333333333334,53.333333333333336,90.66666666666667,37.333333333333336,54,75,63,44
376,Blaricum,Fietsgebruik,"25,20",Kinderen met een handicap,"2,3",5.0,37.0,8.0,4.0,4.0,12.0,38.0,8.0,79.0,15.0,10.0,8.0,44.0,91.0,34.0,49,81,54,54
1711,Echt-Susteren,Fietsgebruik,"25,20",Kinderen met een handicap,"3,1",7.090909090909091,41.45454545454545,11.09090909090909,5.7272727272727275,6.0,16.545454545454547,46.36363636363636,10.454545454545453,70.54545454545453,17.545454545454547,15.636363636363635,12.090909090909092,53.63636363636363,87.63636363636364,41.36363636363636,46,79,53,43
1669,Roerdalen,Fietsgebruik,"25,50",Kinderen met een handicap,"3,3",6.166666666666666,42.0,11.166666666666666,5.5,6.0,16.333333333333332,47.5,10.833333333333334,70.16666666666666,16.833333333333332,16.333333333333332,12.166666666666666,55.16666666666667,88.0,41.16666666666667,51,84,55,47
196,Rijnwaarden,Fietsgebruik,"25,80",Kinderen met een handicap,"3,8",5.5,46.0,10.5,6.0,6.0,16.5,39.5,7.0,75.0,14.0,18.5,13.5,59.5,90.0,36.0,46,75,54,41
556,Maassluis,Fietsgebruik,"25,80",Kinderen met een handicap,"2,6",6.375,40.75,9.875,4.0,5.25,14.25,42.75,9.0,75.625,14.0,15.75,9.0,53.125,89.875,43.5,46,80,52,50
599,Rotterdam,Fietsgebruik,"25,80",Kinderen met een handicap,"2,4",9.611111111111109,49.77777777777778,12.833333333333334,5.444444444444445,8.166666666666666,18.5,50.833333333333336,13.833333333333334,69.94444444444444,10.388888888888888,16.666666666666668,13.4,51.05555555555556,86.27777777777777,47.27777777777777,49,79,55,46
874,Woudrichem,Fietsgebruik,"25,80",Kinderen met een handicap,"2,3",5.0,43.0,9.0,5.333333333333334,4.666666666666666,14.166666666666668,39.0,8.0,76.33333333333333,17.0,14.666666666666668,12.666666666666668,53.333333333333336,89.5,43.666666666666664,45,76,52,50
530,Hellevoetsluis,Fietsgebruik,"25,90",Kinderen met een handicap,"2,3",5.6,43.6,10.4,4.6,5.5,15.2,44.1,9.0,74.39999999999999,14.100000000000001,15.8,10.666666666666666,54.1,89.4,44.8,47,76,55,51
765,Pekela,Fietsgebruik,"26,40",Kinderen met een handicap,"3,7",7.0,37.5,13.0,7.5,7.0,20.0,47.5,9.5,71.5,15.5,21.5,12.0,61.5,88.5,44.5,41,68,51,38
48,Vlagtwedde,Fietsgebruik,"26,50",Kinderen met een handicap,"2,8",4.0,33.142857142857146,11.142857142857142,5.714285714285714,5.857142857142857,16.71428571428571,43.714285714285715,7.285714285714286,74.57142857142857,15.142857142857142,18.999999999999996,11.0,58.57142857142857,90.28571428571429,40.285714285714285,40,66,50,37
870,Werkendam,Fietsgebruik,"26,50",Kinderen met een handicap,"2,6",4.6,43.2,9.6,5.6,4.6,15.0,39.6,8.6,76.6,16.6,15.2,13.2,53.2,89.6,44.2,49,81,55,41
489,Barendrecht,Fietsgebruik,"26,70",Kinderen met een handicap,"2,2",5.086956521739129,39.73913043478261,7.17391304347826,3.434782608695652,4.260869565217392,11.43478260869565,39.47826086956522,7.956521739130434,79.82608695652175,14.347826086956518,14.130434782608694,8.272727272727273,51.47826086956522,91.43478260869564,46.130434782608695,48,77,56,48
637,Zoetermeer,Fietsgebruik,"26,80",Kinderen met een handicap,"2,3",7.222222222222221,44.77777777777778,9.444444444444445,4.111111111111111,5.111111111111111,14.333333333333332,44.666666666666664,11.333333333333334,75.11111111111111,13.666666666666666,15.444444444444445,8.88888888888889,51.44444444444444,89.77777777777779,45.111111111111114,49,81,56,51
1699,Noordenveld,Fietsgebruik,"27,20",Kinderen met een handicap,"2,0",3.6,31.0,8.4,5.0,4.6,13.8,41.2,7.2,78.8,14.8,14.8,9.4,51.0,92.0,39.0,54,77,64,51
1723,Alphen-Chaam,Fietsgebruik,"27,20",Kinderen met een handicap,"3,1",4.6,40.0,6.8,5.4,4.8,13.0,40.0,8.2,78.4,18.8,12.6,11.5,49.2,91.0,32.8,48,76,57,55
24,Loppersum,Fietsgebruik,"27,40",Kinderen met een handicap,"2,6",4.25,33.0,10.25,4.5,5.5,15.25,42.0,7.75,75.0,16.25,17.5,10.0,54.75,90.25,40.75,41,71,52,42
620,Vianen,Fietsgebruik,"27,50",Kinderen met een handicap,"2,6",4.666666666666666,40.333333333333336,8.0,4.0,4.0,12.666666666666666,39.0,6.333333333333333,78.0,17.0,14.0,9.333333333333334,51.0,91.0,43.333333333333336,48,77,55,49
907,Gennep,Fietsgebruik,"27,70",Kinderen met een handicap,"2,9",4.8,36.8,9.0,5.4,5.6,15.0,40.2,8.8,76.2,19.0,12.8,11.4,51.0,90.6,37.0,55,81,64,53
856,Uden,Fietsgebruik,"27,80",Kinderen met een handicap,"3,1",5.666666666666667,42.0,10.666666666666666,6.0,6.0,16.666666666666668,38.333333333333336,8.666666666666666,75.33333333333333,16.333333333333332,14.0,14.0,50.333333333333336,89.66666666666667,36.0,52,81,56,54
576,Noordwijkerhout,Fietsgebruik,"28,10",Kinderen met een handicap,"2,5",5.0,45.0,9.0,5.0,6.0,15.0,39.0,9.0,80.0,15.0,13.0,9.0,50.0,91.0,33.0,55,82,61,55
606,Schiedam,Fietsgebruik,"28,20",Kinderen met een handicap,"2,7",8.7,48.4,11.899999999999999,5.0,7.699999999999999,17.4,49.6,12.4,70.8,12.600000000000001,16.799999999999997,11.777777777777779,53.2,87.5,47.7,48,78,54,42
798,Hilvarenbeek,Fietsgebruik,"28,20",Kinderen met een handicap,"2,5",4.4,40.8,6.8,4.8,5.2,13.0,38.0,7.2,78.4,17.6,13.0,10.2,50.0,90.8,32.6,52,82,59,62
18,Hoogezand-Sappemeer,Fietsgebruik,"28,40",Kinderen met een handicap,"3,5",5.444444444444445,34.77777777777777,10.11111111111111,5.111111111111111,5.777777777777778,16.111111111111114,44.44444444444444,8.0,75.33333333333333,15.444444444444445,17.555555555555557,9.25,54.888888888888886,90.11111111111111,41.666666666666664,43,73,51,42
356,Nieuwegein,Fietsgebruik,"28,40",Kinderen met een handicap,"2,9",7.523809523809524,44.47619047619048,9.047619047619047,4.333333333333333,5.190476190476191,14.380952380952383,44.33333333333333,10.19047619047619,74.85714285714286,14.523809523809524,15.666666666666666,8.588235294117647,51.47619047619048,89.42857142857142,42.61904761904761,49,79,55,50
202,Arnhem,Fietsgebruik,"28,50",Kinderen met een handicap,"3,4",9.5,52.29166666666667,11.166666666666668,5.999999999999998,7.208333333333334,17.083333333333332,47.166666666666664,13.375,74.04166666666667,12.58333333333333,15.541666666666666,13.58333333333333,46.87500000000001,88.49999999999999,42.875,51,80,56,53
957,Roermond,Fietsgebruik,"28,50",Kinderen met een handicap,"3,7",7.4,44.7,11.8,5.800000000000001,6.9,17.6,50.699999999999996,13.499999999999998,70.0,15.899999999999999,16.0,12.199999999999998,52.400000000000006,87.4,44.300000000000004,49,82,56,45
758,Breda,Fietsgebruik,"28,70",Kinderen met een handicap,"2,9",6.909090909090909,46.09090909090909,10.636363636363638,4.909090909090908,6.090909090909091,15.90909090909091,44.54545454545454,11.09090909090909,74.09090909090908,15.454545454545455,13.0,13.454545454545455,46.45454545454546,89.81818181818183,34.909090909090914,50,81,57,55
1734,Overbetuwe,Fietsgebruik,"28,70",Kinderen met een handicap,"3,0",5.4,44.6,9.0,5.4,5.4,14.6,40.2,7.8,78.2,15.2,15.6,11.2,53.4,90.2,41.2,51,75,60,53
575,Noordwijk,Fietsgebruik,"28,80",Kinderen met een handicap,"2,3",6.0,48.0,10.0,6.0,6.0,17.0,41.5,10.0,79.5,14.5,13.0,11.0,50.0,89.5,34.0,53,81,61,57
786,Grave,Fietsgebruik,"28,80",Kinderen met een handicap,"3,2",5.5,41.25,9.75,6.5,5.75,16.0,41.25,9.25,75.25,17.75,13.0,12.0,48.75,90.75,36.0,49,75,56,57
738,Aalburg,Fietsgebruik,"28,90",Kinderen met een handicap,"2,1",4.285714285714286,43.0,7.999999999999999,5.0,4.285714285714286,13.285714285714286,40.0,8.0,77.57142857142857,17.42857142857143,14.714285714285714,12.0,52.285714285714285,89.57142857142858,48.142857142857146,37,70,48,38
553,Lisse,Fietsgebruik,"29,00",Kinderen met een handicap,"1,6",4.857142857142857,45.52380952380953,7.999999999999999,4.904761904761903,4.76190476190476,13.80952380952381,38.71428571428571,8.523809523809526,80.99999999999999,15.047619047619046,11.333333333333332,8.473684210526315,49.14285714285714,91.71428571428571,33.90476190476191,51,81,58,53
1652,Gemert-Bakel,Fietsgebruik,"29,00",Kinderen met een handicap,"4,0",5.428571428571429,41.142857142857146,9.142857142857142,5.285714285714286,6.428571428571429,16.142857142857146,38.71428571428571,8.285714285714286,76.57142857142857,16.714285714285715,12.0,13.285714285714286,50.0,89.42857142857143,33.99999999999999,50,79,59,57
296,Wijchen,Fietsgebruik,"29,60",Kinderen met een handicap,"2,7",4.444444444444445,44.333333333333336,9.111111111111109,5.111111111111111,5.111111111111111,14.777777777777779,38.888888888888886,7.111111111111112,78.33333333333333,16.555555555555557,14.0,14.555555555555557,52.111111111111114,91.33333333333333,34.44444444444444,54,79,61,53
505,Dordrecht,Fietsgebruik,"29,60",Kinderen met een handicap,"2,9",7.846153846153846,45.53846153846154,12.307692307692308,5.692307692307693,6.076923076923077,17.76923076923077,48.61538461538461,12.384615384615383,71.6923076923077,13.46153846153846,17.461538461538463,12.923076923076923,54.07692307692307,86.76923076923079,49.92307692307693,48,77,55,42
473,Zandvoort,Fietsgebruik,"29,70",Kinderen met een handicap,"2,3",5.0,40.25,10.5,5.0,6.0,15.25,39.75,8.75,77.75,14.5,11.0,12.0,47.25,90.0,34.25,49,79,56,49
733,Lingewaal,Fietsgebruik,"29,70",Kinderen met een handicap,"1,8",5.5,42.25,8.75,5.25,4.25,13.75,39.5,8.0,76.5,15.75,16.5,12.25,54.25,89.5,45.0,43,74,53,40
794,Helmond,Fietsgebruik,"29,70",Kinderen met een handicap,"3,6",7.666666666666666,46.666666666666664,11.083333333333332,4.916666666666667,6.666666666666666,17.416666666666668,44.666666666666664,10.833333333333332,72.66666666666669,15.916666666666668,15.0,11.75,51.75,87.66666666666666,37.33333333333333,49,74,59,49
1740,Neder-Betuwe,Fietsgebruik,"29,70",Kinderen met een handicap,"2,7",6.0,46.0,9.666666666666666,5.333333333333333,5.0,15.666666666666666,38.0,6.666666666666667,78.0,14.666666666666666,17.0,14.0,56.666666666666664,90.0,48.333333333333336,41,67,52,37
5,Bedum,Fietsgebruik,"29,90",Kinderen met een handicap,"2,9",5.0,32.0,9.0,5.0,5.0,14.0,38.0,8.0,78.0,16.0,14.0,10.0,52.0,91.0,42.0,51,73,60,45
531,Hendrik-Ido-Ambacht,Fietsgebruik,"29,90",Kinderen met een handicap,"2,2",4.6,37.6,7.4,3.4,3.8,11.2,37.0,7.4,80.8,15.4,13.6,9.6,51.0,91.2,45.6,40,70,47,44
777,Etten-Leur,Fietsgebruik,"29,90",Kinderen met een handicap,"3,1",5.75,43.625,9.875,5.75,6.375,16.75,43.375,10.125,74.125,17.625,14.125,11.142857142857142,50.25,89.0,38.75,51,77,58,54
171,Noordoostpolder,Fietsgebruik,"30,00",Kinderen met een handicap,"2,9",5.7272727272727275,39.81818181818182,7.2727272727272725,4.7272727272727275,4.181818181818182,12.0,38.36363636363637,7.727272727272727,78.27272727272727,14.0,14.636363636363637,11.09090909090909,51.909090909090914,90.27272727272728,45.81818181818181,47,74,57,49
214,Buren,Fietsgebruik,"30,00",Kinderen met een handicap,"2,6",5.0,43.714285714285715,8.428571428571429,4.7142857142857135,4.428571428571429,13.714285714285715,38.714285714285715,6.571428571428571,78.71428571428571,15.142857142857142,15.142857142857142,11.714285714285714,51.57142857142857,90.85714285714285,41.857142857142854,41,69,51,43
614,Westvoorne,Fietsgebruik,"30,00",Kinderen met een handicap,"2,3",4.0,39.0,9.0,4.0,4.5,13.0,39.5,7.5,77.5,14.5,14.5,10.5,52.5,90.5,40.5,54,78,63,48
209,Beuningen,Fietsgebruik,"30,10",Kinderen met een handicap,"2,8",4.75,45.0,8.75,5.0,5.25,15.0,39.75,7.5,77.75,15.75,15.25,11.5,53.5,91.25,36.0,48,76,57,58
542,Krimpen aan den IJssel,Fietsgebruik,"30,30",Kinderen met een handicap,"2,3",6.0,43.0,10.0,5.0,5.0,15.0,42.0,9.0,76.0,16.0,15.0,11.0,54.0,89.0,47.0,49,77,56,46
678,Kapelle,Fietsgebruik,"30,30",Kinderen met een handicap,"2,4",5.0,41.333333333333336,10.333333333333334,5.0,6.0,16.333333333333332,43.666666666666664,9.666666666666666,76.33333333333333,17.666666666666668,13.333333333333334,11.666666666666666,51.666666666666664,90.33333333333333,44.333333333333336,54,78,62,46
851,Steenbergen,Fietsgebruik,"30,30",Kinderen met een handicap,"3,3",5.8,44.4,10.4,5.6,6.2,16.6,43.8,10.0,73.8,16.2,17.0,13.2,58.2,88.4,40.2,48,76,58,44
1903,Eijsden-Margraten,Fietsgebruik,"30,30",Kinderen met een handicap,"2,5",4.5,38.833333333333336,8.666666666666668,4.333333333333334,5.166666666666667,13.333333333333334,41.5,9.0,74.66666666666667,17.0,13.5,11.0,50.333333333333336,90.16666666666667,34.666666666666664,45,78,51,49
262,Lochem,Fietsgebruik,"30,50",Kinderen met een handicap,"2,1",4.5,40.166666666666664,8.833333333333334,5.166666666666667,4.666666666666667,13.5,36.0,6.5,79.16666666666667,17.333333333333332,13.333333333333332,11.333333333333334,51.0,91.33333333333333,34.833333333333336,53,79,62,58
1724,Bergeijk,Fietsgebruik,"30,50",Kinderen met een handicap,"3,4",4.8,39.2,8.2,5.2,5.4,15.0,37.4,8.2,77.6,17.4,12.8,11.4,52.2,91.0,32.6,47,75,57,54
293,Westervoort,Fietsgebruik,"30,60",Kinderen met een handicap,"3,4",7.0,47.0,9.0,5.0,6.0,15.0,43.0,11.0,76.0,15.0,17.0,12.0,53.0,90.0,42.0,50,80,56,52
610,Sliedrecht,Fietsgebruik,"30,80",Kinderen met een handicap,"2,9",6.0,42.0,10.0,5.0,4.75,14.75,40.25,9.5,77.25,15.25,15.5,12.25,52.75,88.25,50.75,42,72,49,39
995,Lelystad,Fietsgebruik,"30,90",Kinderen met een handicap,"3,4",6.558823529411765,41.1764705882353,8.235294117647058,4.794117647058825,4.176470588235294,13.323529411764708,43.88235294117647,10.323529411764707,75.23529411764704,13.617647058823529,14.294117647058822,10.045454545454547,50.264705882352935,89.52941176470588,45.11764705882353,48,76,56,44
1640,Leudal,Fietsgebruik,"30,90",Kinderen met een handicap,"3,3",4.687499999999999,38.06249999999999,8.4375,5.0625,5.1875,13.75,43.6875,9.375,75.875,17.750000000000004,13.062499999999998,11.125,51.06250000000001,90.25,37.3125,52,83,59,48
1930,Nissewaard,Fietsgebruik,"30,90",Kinderen met een handicap,"2,3",6.73913043478261,44.130434782608695,10.56521739130435,4.391304347826087,5.999999999999999,16.000000000000004,45.739130434782616,10.304347826086955,73.2608695652174,13.73913043478261,18.434782608695652,9.65217391304348,56.34782608695652,88.34782608695653,47.999999999999986,44,75,52,41
400,Den Helder,Fietsgebruik,"31,10",Kinderen met een handicap,"3,1",6.875,39.125,11.625000000000002,5.0,6.125,16.875,44.0,10.375,72.375,14.374999999999998,17.374999999999996,10.75,55.5,88.75,42.125,50,76,59,45
384,Diemen,Fietsgebruik,"31,20",Kinderen met een handicap,"2,1",7.666666666666667,46.0,9.666666666666666,4.0,5.666666666666667,14.333333333333334,46.0,12.0,76.0,11.0,13.333333333333334,9.666666666666666,46.333333333333336,90.33333333333333,41.666666666666664,57,82,64,55
748,Bergen op Zoom,Fietsgebruik,"31,20",Kinderen met een handicap,"3,5",7.166666666666666,46.666666666666664,12.166666666666668,6.5,6.666666666666667,19.333333333333332,46.833333333333336,11.833333333333334,71.83333333333333,15.666666666666668,16.5,13.5,55.5,88.5,41.166666666666664,47,79,55,49
10,Delfzijl,Fietsgebruik,"31,50",Kinderen met een handicap,"3,0",5.0,33.0,10.5,5.0,5.75,16.25,44.5,8.0,74.0,15.5,19.5,10.25,58.75,90.25,43.0,43,70,53,41
935,Maastricht,Fietsgebruik,"31,50",Kinderen met een handicap,"3,5",7.857142857142857,45.57142857142858,11.571428571428573,5.0,6.428571428571429,16.285714285714285,48.42857142857143,13.571428571428573,71.0,14.571428571428573,15.0,14.285714285714286,48.00000000000001,87.57142857142857,35.57142857142857,50,79,57,52
1706,Cranendonck,Fietsgebruik,"31,50",Kinderen met een handicap,"2,9",5.166666666666667,40.833333333333336,8.333333333333334,5.333333333333334,6.333333333333333,15.5,42.333333333333336,8.666666666666668,75.16666666666666,17.166666666666668,12.0,11.333333333333334,48.5,89.5,35.5,54,79,61,55
689,Giessenlanden,Fietsgebruik,"31,70",Kinderen met een handicap,"2,3",4.222222222222221,38.22222222222222,7.222222222222222,4.222222222222222,3.222222222222222,11.555555555555555,36.11111111111111,6.222222222222222,80.11111111111111,17.22222222222222,14.333333333333334,10.777777777777779,50.77777777777778,90.88888888888887,47.22222222222222,45,70,56,47
736,De Ronde Venen,Fietsgebruik,"31,70",Kinderen met een handicap,"1,7",4.2,37.6,7.4,3.4,3.8,11.4,38.2,7.4,79.6,15.6,12.0,8.8,46.8,92.0,33.6,49,77,58,56
828,Oss,Fietsgebruik,"31,70",Kinderen met een handicap,"3,7",6.0434782608695645,43.52173913043478,10.000000000000002,5.695652173913043,5.739130434782607,16.260869565217398,39.521739130434796,8.652173913043478,75.78260869565219,16.52173913043478,15.956521739130434,12.652173913043482,52.56521739130435,89.95652173913044,35.69565217391304,50,80,55,52
1681,Borger-Odoorn,Fietsgebruik,"31,70",Kinderen met een handicap,"2,7",3.6470588235294112,30.352941176470583,8.823529411764708,4.647058823529412,4.411764705882353,14.000000000000002,39.11764705882352,6.411764705882354,79.23529411764707,15.35294117647059,17.058823529411764,9.294117647058824,56.588235294117645,91.52941176470588,37.588235294117645,47,74,54,44
867,Waalwijk,Fietsgebruik,"31,80",Kinderen met een handicap,"2,8",5.666666666666667,45.333333333333336,10.666666666666666,6.0,6.333333333333333,16.666666666666668,42.0,10.0,74.33333333333333,16.0,16.0,14.333333333333334,54.0,89.33333333333333,39.0,47,78,54,51
983,Venlo,Fietsgebruik,"31,90",Kinderen met een handicap,"4,5",6.904761904761906,42.85714285714285,11.095238095238093,5.619047619047619,6.523809523809524,16.952380952380953,47.38095238095238,12.476190476190476,71.90476190476191,15.80952380952381,15.523809523809522,11.809523809523808,53.28571428571429,89.19047619047619,38.523809523809526,53,81,59,48
1696,Wijdemeren,Fietsgebruik,"31,90",Kinderen met een handicap,"1,8",4.428571428571429,37.0,7.285714285714286,3.7142857142857144,4.142857142857143,12.142857142857142,35.85714285714286,6.714285714285714,78.14285714285714,15.857142857142858,12.142857142857142,8.571428571428571,45.85714285714286,92.42857142857143,35.42857142857142,51,80,58,54
226,Duiven,Fietsgebruik,"32,00",Kinderen met een handicap,"3,1",4.8,43.0,8.2,4.8,5.0,13.4,37.4,7.6,79.2,15.8,15.2,10.8,53.2,91.8,38.2,51,77,58,54
840,Rucphen,Fietsgebruik,"32,00",Kinderen met een handicap,"2,6",6.2,47.4,10.8,6.2,6.8,18.4,44.8,10.4,71.8,17.2,16.4,12.8,54.4,86.4,40.4,43,71,52,37
1690,De Wolden,Fietsgebruik,"32,00",Kinderen met een handicap,"2,2",3.571428571428571,31.642857142857146,8.214285714285714,4.857142857142856,4.214285714285714,13.214285714285714,38.5,6.071428571428572,80.85714285714286,15.14285714285714,14.857142857142856,11.428571428571429,52.57142857142857,91.92857142857143,35.28571428571428,49,75,56,47
317,Eemnes,Fietsgebruik,"32,10",Kinderen met een handicap,"1,9",4.0,38.0,7.0,3.0,4.0,12.0,39.0,7.0,80.0,15.0,12.0,9.0,48.0,92.0,32.0,50,78,60,53
141,Almelo,Fietsgebruik,"32,20",Kinderen met een handicap,"3,4",8.333333333333332,46.33333333333333,13.416666666666666,7.0,7.583333333333333,20.750000000000004,43.5,10.0,72.83333333333333,15.416666666666666,16.583333333333336,15.333333333333334,54.25,88.91666666666666,42.666666666666664,53,77,63,47
1884,Kaag en Braassem,Fietsgebruik,"32,40",Kinderen met een handicap,"1,7",4.4,46.0,7.6,5.0,4.0,12.6,39.6,7.4,80.4,15.6,14.0,9.2,52.4,90.4,34.2,52,77,62,60
1916,Leidschendam-Voorburg,Fietsgebruik,"32,50",Kinderen met een handicap,"2,1",7.333333333333333,44.58333333333334,10.25,4.083333333333333,6.0,14.916666666666666,45.166666666666664,11.666666666666668,74.83333333333333,13.916666666666666,13.5,9.416666666666668,48.16666666666666,89.16666666666666,43.083333333333336,54,84,58,50
1581,Utrechtse Heuvelrug,Fietsgebruik,"32,60",Kinderen met een handicap,"2,0",5.0,41.2,9.4,5.0,5.0,14.4,41.0,7.6,77.4,16.2,13.4,13.4,47.4,90.4,42.4,52,79,62,52
1684,Cuijk,Fietsgebruik,"32,60",Kinderen met een handicap,"2,8",4.285714285714286,39.0,8.285714285714286,5.142857142857143,5.285714285714286,14.142857142857142,38.0,7.285714285714285,77.71428571428572,17.714285714285715,11.857142857142858,10.285714285714286,48.0,92.57142857142857,36.857142857142854,57,81,63,53
1945,Berg en Dal,Fietsgebruik,"32,60",Kinderen met een handicap,"2,8",5.615384615384616,45.0,9.153846153846153,5.615384615384615,5.307692307692308,14.307692307692307,39.07692307692307,7.615384615384616,76.3076923076923,16.53846153846154,14.000000000000002,12.46153846153846,49.84615384615385,90.61538461538461,35.84615384615385,53,82,59,55
622,Vlaardingen,Fietsgebruik,"32,80",Kinderen met een handicap,"2,5",8.428571428571429,48.0,14.571428571428571,5.714285714285714,8.142857142857142,20.142857142857142,49.00000000000001,12.285714285714286,68.57142857142857,13.571428571428571,17.857142857142858,12.142857142857142,55.142857142857146,85.85714285714285,48.42857142857143,47,79,52,45
140,Littenseradiel,Fietsgebruik,"32,90",Kinderen met een handicap,"1,9",3.2,32.8,6.6,3.4,3.2,10.4,39.2,6.6,81.6,15.0,11.8,10.0,48.0,92.4,34.0,47,80,54,49
281,Tiel,Fietsgebruik,"33,00",Kinderen met een handicap,"3,4",7.5,49.0,10.25,5.25,6.0,16.75,44.0,9.5,75.5,14.0,16.25,13.25,53.25,89.5,46.5,44,71,52,46
342,Soest,Fietsgebruik,"33,00",Kinderen met een handicap,"2,6",6.125,42.5,10.75,4.5,5.625,15.5,43.25,9.375,75.25,15.5,12.5,10.5,47.25,89.875,40.99999999999999,49,77,57,53
617,Strijen,Fietsgebruik,"33,20",Kinderen met een handicap,"2,9",5.0,39.0,9.0,4.0,4.0,13.0,39.0,7.0,78.0,16.0,17.0,14.0,55.0,90.0,45.0,42,69,53,44
629,Wassenaar,Fietsgebruik,"33,20",Kinderen met een handicap,"0,9",5.0,39.0,10.0,4.0,5.5,14.5,41.0,8.0,78.5,15.0,11.0,11.0,45.0,91.0,36.0,53,81,59,52
1709,Moerdijk,Fietsgebruik,"33,20",Kinderen met een handicap,"2,9",5.454545454545454,43.090909090909086,9.545454545454545,4.8181818181818175,5.7272727272727275,15.454545454545455,42.18181818181818,9.272727272727272,74.0,17.272727272727273,16.818181818181817,11.90909090909091,56.54545454545455,89.45454545454547,39.09090909090909,46,73,56,49
394,Haarlemmermeer,Fietsgebruik,"33,30",Kinderen met een handicap,"2,2",4.999999999999999,41.133333333333326,6.6000000000000005,3.3333333333333335,4.199999999999999,11.333333333333334,41.53333333333334,9.0,80.00000000000001,13.466666666666665,12.999999999999998,7.214285714285715,49.599999999999994,91.8,36.33333333333333,49,78,57,56
626,Voorschoten,Fietsgebruik,"33,30",Kinderen met een handicap,"1,4",6.0,48.0,9.0,4.0,5.0,14.0,41.0,9.0,78.0,15.0,13.0,10.0,47.0,89.0,40.0,59,83,65,57
232,Epe,Fietsgebruik,"33,40",Kinderen met een handicap,"2,7",5.0,42.75,9.5,5.25,5.0,14.75,38.0,7.25,77.5,17.25,15.0,12.75,53.0,90.5,40.0,53,77,61,52
236,Geldermalsen,Fietsgebruik,"33,40",Kinderen met een handicap,"2,6",4.5,42.25,8.5,5.0,4.75,14.0,40.25,7.25,79.0,15.75,14.75,11.75,50.75,91.0,41.5,52,73,59,47
81,Leeuwarderadeel,Fietsgebruik,"33,50",Kinderen met een handicap,"3,5",4.5,35.5,7.0,3.5,3.5,11.5,39.5,7.5,79.5,16.5,13.5,9.0,53.5,91.0,39.5,62,79,72,56
420,Medemblik,Fietsgebruik,"33,50",Kinderen met een handicap,"2,3",4.461538461538462,33.23076923076924,7.0,3.769230769230769,4.846153846153845,12.23076923076923,38.69230769230769,7.76923076923077,78.61538461538461,14.76923076923077,12.538461538461537,8.46153846153846,49.46153846153846,92.3846153846154,32.69230769230769,53,78,61,51
597,Ridderkerk,Fietsgebruik,"33,50",Kinderen met een handicap,"2,4",5.7272727272727275,41.00000000000001,9.545454545454545,4.454545454545454,5.2727272727272725,14.454545454545457,42.09090909090909,9.090909090909092,76.9090909090909,15.454545454545455,15.181818181818182,10.3,54.0,89.54545454545455,50.45454545454545,41,74,49,45
1911,Hollands Kroon,Fietsgebruik,"33,50",Kinderen met een handicap,"2,0",4.375,32.99999999999999,7.375,3.9999999999999996,4.625,12.374999999999998,38.375,7.5,78.375,15.125,13.625,9.5,50.5,92.125,33.875,46,74,58,46
545,Leerdam,Fietsgebruik,"33,60",Kinderen met een handicap,"2,8",8.0,45.0,12.0,5.0,6.0,17.0,46.0,10.0,73.0,14.0,17.0,13.0,53.0,87.0,53.0,43,76,51,39
1783,Westland,Fietsgebruik,"33,60",Kinderen met een handicap,"2,1",5.8,43.300000000000004,8.200000000000001,3.8,4.5,12.4,42.10000000000001,8.4,78.4,14.2,13.8,9.2,49.0,90.6,39.7,50,78,58,53
7,Bellingwedde,Fietsgebruik,"33,70",Kinderen met een handicap,"3,6",5.333333333333333,35.333333333333336,12.666666666666666,7.0,6.666666666666667,19.333333333333332,46.333333333333336,8.0,72.0,15.666666666666666,20.666666666666668,11.333333333333334,59.333333333333336,89.0,46.0,43,69,54,39
393,Haarlemmerliede en Spaarnwoude,Fietsgebruik,"33,70",Kinderen met een handicap,"1,9",4.0,38.0,7.0,3.0,4.0,12.0,38.0,8.0,81.0,14.0,13.0,9.0,47.0,92.0,34.0,53,78,59,61
613,Albrandswaard,Fietsgebruik,"33,70",Kinderen met een handicap,"2,1",4.833333333333333,40.0,7.333333333333333,3.5,4.333333333333333,12.0,39.33333333333333,7.666666666666667,79.33333333333334,14.666666666666668,14.666666666666668,8.166666666666666,53.0,90.5,43.0,46,81,51,50
1955,Montferland,Fietsgebruik,"33,70",Kinderen met een handicap,"3,8",6.0,46.0,10.666666666666666,5.666666666666667,5.666666666666667,17.333333333333332,38.0,8.0,75.33333333333333,16.666666666666668,16.333333333333332,14.333333333333334,55.0,90.0,37.666666666666664,51,77,59,54
183,Tubbergen,Fietsgebruik,"33,80",Kinderen met een handicap,"2,7",3.5,35.625,7.625,4.75,4.125,13.124999999999998,31.500000000000004,4.625,82.75,17.25,12.0,12.499999999999998,48.49999999999999,92.875,29.75,56,81,64,56
512,Gorinchem,Fietsgebruik,"33,80",Kinderen met een handicap,"2,4",5.450000000000001,42.349999999999994,8.65,4.3,4.25,13.2,42.8,8.899999999999999,76.35000000000001,15.149999999999999,15.000000000000002,12.25,51.8,89.80000000000001,44.650000000000006,48,79,54,49
1659,Laarbeek,Fietsgebruik,"33,80",Kinderen met een handicap,"3,8",5.0,40.25,9.25,5.25,6.75,15.5,38.0,8.25,76.25,17.5,12.25,12.5,50.25,89.75,34.0,49,77,59,52
415,Landsmeer,Fietsgebruik,"33,90",Kinderen met een handicap,"2,6",4.5,38.0,7.0,3.5,5.5,12.0,37.5,7.0,79.0,15.0,12.5,11.0,49.0,92.0,32.0,51,75,62,53
439,Purmerend,Fietsgebruik,"33,90",Kinderen met een handicap,"2,8",7.857142857142857,45.857142857142854,11.714285714285715,4.857142857142858,7.285714285714286,17.42857142857143,43.57142857142858,10.428571428571429,72.42857142857143,13.142857142857142,16.71428571428571,14.142857142857142,55.142857142857146,88.14285714285714,42.71428571428571,50,79,57,47
866,Waalre,Fietsgebruik,"33,90",Kinderen met een handicap,"2,6",5.0,41.0,9.0,5.0,6.0,15.0,41.0,9.0,77.0,17.0,10.0,11.0,44.0,91.0,33.0,53,82,60,57
1892,Zuidplas,Fietsgebruik,"33,90",Kinderen met een handicap,"2,2",5.5,46.25,8.75,5.0,4.5,14.25,39.25,7.75,79.5,15.0,14.5,11.0,51.25,89.5,45.5,48,77,56,52
603,Rijswijk,Fietsgebruik,"34,10",Kinderen met een handicap,"2,1",8.333333333333332,46.222222222222214,11.555555555555555,4.444444444444445,6.777777777777778,16.77777777777778,48.666666666666664,11.555555555555557,72.55555555555556,12.777777777777779,13.777777777777779,10.11111111111111,49.333333333333336,88.66666666666669,45.55555555555556,51,79,58,49
677,Hulst,Fietsgebruik,"34,10",Kinderen met een handicap,"2,8",6.153846153846154,44.61538461538461,11.846153846153845,6.153846153846153,5.615384615384615,18.23076923076923,49.84615384615385,11.846153846153845,70.53846153846153,18.538461538461537,16.692307692307693,11.0,54.0,88.76923076923077,40.92307692307692,51,78,58,46
707,Zederik,Fietsgebruik,"34,20",Kinderen met een handicap,"2,1",4.571428571428571,39.42857142857143,7.857142857142857,4.428571428571429,3.7142857142857144,12.142857142857142,36.285714285714285,6.428571428571429,79.14285714285715,16.285714285714285,14.428571428571429,13.571428571428571,49.285714285714285,90.42857142857143,48.57142857142857,45,70,55,43
988,Weert,Fietsgebruik,"34,20",Kinderen met een handicap,"3,1",6.0625,41.18750000000001,10.000000000000002,5.4375,6.125,15.625,46.31250000000001,11.0,74.25,17.250000000000004,12.3125,10.875,48.75,89.56249999999999,39.0,52,81,57,48
1924,Goeree-Overflakkee,Fietsgebruik,"34,20",Kinderen met een handicap,"2,2",5.357142857142857,43.14285714285715,10.07142857142857,4.928571428571428,5.428571428571429,15.142857142857142,39.714285714285715,7.857142857142857,75.07142857142856,16.78571428571429,16.214285714285715,11.285714285714285,55.92857142857143,89.64285714285714,47.5,50,73,61,41
79,Kollumerland en Nieuwkruisland,Fietsgebruik,"34,30",Kinderen met een handicap,"2,3",4.5,36.0,7.75,3.5,3.75,11.75,41.0,7.5,79.25,14.25,14.5,10.0,55.75,90.75,38.5,52,75,63,36
715,Terneuzen,Fietsgebruik,"34,30",Kinderen met een handicap,"3,7",5.533333333333332,43.9,11.199999999999998,5.966666666666664,5.566666666666667,17.33333333333334,50.13333333333333,11.600000000000001,71.2,18.166666666666668,15.633333333333333,10.551724137931032,53.0,89.06666666666668,40.89999999999999,46,74,56,42
946,Nederweert,Fietsgebruik,"34,30",Kinderen met een handicap,"2,6",4.6,38.6,8.0,4.6,5.2,13.4,42.4,9.0,77.0,17.8,11.6,9.8,49.0,90.6,35.8,50,81,57,48
225,Druten,Fietsgebruik,"34,40",Kinderen met een handicap,"2,8",5.4,45.2,9.8,5.6,5.2,16.2,39.0,7.4,77.2,16.0,16.6,12.6,55.6,90.8,37.4,48,77,55,49
453,Velsen,Fietsgebruik,"34,50",Kinderen met een handicap,"2,7",5.8,42.4,9.7,4.1,5.6,14.700000000000001,40.8,9.4,76.10000000000001,13.899999999999999,14.0,11.3,51.1,90.30000000000001,36.099999999999994,49,77,57,52
1598,Koggenland,Fietsgebruik,"34,50",Kinderen met een handicap,"1,8",3.625,31.5,5.875000000000001,3.625,4.5,11.125,36.5,6.749999999999999,80.375,15.125,11.75,8.875,47.875,93.125,30.375,55,80,64,59
1676,Schouwen-Duiveland,Fietsgebruik,"34,60",Kinderen met een handicap,"2,0",5.187499999999999,42.75,9.9375,5.1875,4.687499999999999,15.374999999999998,44.75,10.187499999999998,73.4375,17.9375,14.187499999999998,11.187499999999998,51.1875,89.31250000000001,44.24999999999999,49,75,58,44
53,Winsum,Fietsgebruik,"34,70",Kinderen met een handicap,"2,8",4.0,32.25,8.75,4.5,4.5,13.75,41.0,7.75,77.75,16.5,13.75,9.0,52.25,91.25,39.25,50,77,58,47
1658,Heeze-Leende,Fietsgebruik,"34,70",Kinderen met een handicap,"3,1",4.25,39.5,8.25,6.5,5.25,14.25,41.0,7.75,77.75,17.5,10.5,11.75,47.75,89.75,33.5,54,78,63,53
756,Boxmeer,Fietsgebruik,"34,80",Kinderen met een handicap,"2,6",4.7,38.8,8.5,5.6,5.5,14.5,38.900000000000006,7.4,77.0,18.400000000000002,12.6,12.000000000000002,48.199999999999996,91.60000000000001,35.0,57,83,63,59
824,Oisterwijk,Fietsgebruik,"34,80",Kinderen met een handicap,"3,3",4.733333333333333,40.93333333333334,8.466666666666667,5.6,6.066666666666666,14.933333333333335,39.266666666666666,8.733333333333333,76.59999999999998,17.933333333333337,12.666666666666666,10.666666666666666,48.86666666666666,90.13333333333333,34.66666666666667,53,82,60,55
37,Stadskanaal,Fietsgebruik,"35,10",Kinderen met een handicap,"3,8",5.6,34.8,12.4,6.2,6.4,18.4,44.6,7.6,73.6,15.4,19.6,11.8,60.2,89.2,41.4,43,71,52,36
331,Lopik,Fietsgebruik,"35,10",Kinderen met een handicap,"2,4",5.0,42.0,8.0,4.0,4.0,13.0,40.0,7.0,78.0,17.0,14.0,13.0,50.0,90.0,41.0,45,70,58,47
168,Losser,Fietsgebruik,"35,20",Kinderen met een handicap,"3,4",4.8,42.6,11.0,5.6,6.4,18.0,36.2,7.0,77.8,17.2,14.8,14.0,55.6,91.0,31.8,48,75,59,47
358,Aalsmeer,Fietsgebruik,"35,20",Kinderen met een handicap,"2,1",4.333333333333333,38.333333333333336,7.0,3.3333333333333335,4.333333333333333,11.0,38.666666666666664,7.333333333333333,80.66666666666667,13.0,13.333333333333334,9.0,48.666666666666664,92.33333333333333,35.666666666666664,53,78,63,54
417,Laren,Fietsgebruik,"35,20",Kinderen met een handicap,"1,7",4.0,37.0,10.0,5.0,6.0,15.0,39.0,7.0,78.0,15.0,9.0,11.0,43.0,91.0,30.0,51,82,59,58
779,Geertruidenberg,Fietsgebruik,"35,20",Kinderen met een handicap,"3,1",5.666666666666667,44.333333333333336,10.0,5.666666666666667,5.0,15.666666666666666,41.333333333333336,9.333333333333334,74.0,16.666666666666668,16.333333333333332,13.0,53.666666666666664,89.66666666666667,37.333333333333336,43,74,51,45
1621,Lansingerland,Fietsgebruik,"35,20",Kinderen met een handicap,"2,1",4.1875,38.375,6.125,3.1875,3.3749999999999996,9.875000000000002,36.875,6.812499999999999,82.06250000000001,14.062499999999998,12.374999999999998,8.1875,48.49999999999999,92.93749999999999,40.875,58,82,65,60
274,Renkum,Fietsgebruik,"35,30",Kinderen met een handicap,"4,0",6.0,45.333333333333336,11.0,6.333333333333333,6.333333333333333,17.333333333333332,42.0,9.0,75.33333333333333,15.333333333333334,14.0,12.666666666666666,48.0,90.0,42.333333333333336,51,82,58,49
762,Deurne,Fietsgebruik,"35,30",Kinderen met een handicap,"3,9",5.2,40.6,8.8,5.4,5.8,15.6,38.2,8.2,76.6,16.8,12.6,13.6,50.4,89.6,33.2,54,79,63,50
1771,Geldrop-Mierlo,Fietsgebruik,"35,60",Kinderen met een handicap,"3,5",6.5,44.0,9.5,5.0,6.5,16.0,43.5,9.5,74.0,16.5,13.0,12.0,50.0,89.0,35.0,57,82,64,54
654,Borsele,Fietsgebruik,"35,70",Kinderen met een handicap,"3,1",4.733333333333333,42.199999999999996,9.200000000000001,4.7333333333333325,4.3999999999999995,14.466666666666667,43.06666666666667,9.799999999999999,75.13333333333334,18.933333333333334,13.133333333333333,11.933333333333334,49.46666666666667,89.86666666666667,44.00000000000001,49,71,63,44
1702,Sint Anthonis,Fietsgebruik,"35,70",Kinderen met een handicap,"1,9",5.166666666666667,40.33333333333333,9.5,6.5,6.0,16.166666666666664,38.666666666666664,7.5,76.5,18.166666666666668,12.666666666666668,13.833333333333334,48.0,90.5,38.0,58,83,65,60
1904,Stichtse Vecht,Fietsgebruik,"35,70",Kinderen met een handicap,"2,1",4.416666666666666,39.08333333333333,7.500000000000002,3.833333333333333,4.166666666666667,12.0,36.91666666666667,6.666666666666666,78.66666666666669,16.5,12.416666666666668,9.583333333333332,46.75,91.83333333333333,36.916666666666664,52,78,61,53
1876,Bronckhorst,Fietsgebruik,"35,90",Kinderen met een handicap,"3,0",5.0,41.8,9.2,5.2,4.8,14.2,36.2,6.8,78.0,17.2,15.0,12.4,54.6,90.8,36.2,51,77,60,58
523,Hardinxveld-Giessendam,Fietsgebruik,"36,00",Kinderen met een handicap,"1,9",5.0,40.0,9.0,4.0,4.0,13.0,39.0,8.0,79.0,16.0,15.0,14.0,51.0,90.0,51.0,44,73,53,42
772,Eindhoven,Fietsgebruik,"36,00",Kinderen met een handicap,"3,8",9.285714285714286,53.142857142857146,9.857142857142856,4.714285714285714,6.428571428571429,16.0,50.42857142857143,13.857142857142858,73.0,12.428571428571427,12.285714285714286,14.857142857142858,43.0,87.57142857142857,35.85714285714286,55,81,62,56
1708,Steenwijkerland,Fietsgebruik,"36,00",Kinderen met een handicap,"2,7",4.0,37.6875,7.687500000000001,4.812499999999999,4.125,12.875,38.8125,7.25,79.87500000000001,16.5625,15.0625,10.125000000000002,52.75000000000001,90.875,37.125,48,73,57,44
1901,Bodegraven-Reeuwijk,Fietsgebruik,"36,00",Kinderen met een handicap,"2,4",4.444444444444445,44.111111111111114,7.333333333333333,4.555555555555555,4.0,12.333333333333334,38.44444444444444,7.0,81.0,15.555555555555554,13.0,10.333333333333334,48.44444444444444,90.66666666666667,41.111111111111114,51,76,61,51
297,Zaltbommel,Fietsgebruik,"36,10",Kinderen met een handicap,"2,9",5.25,44.5,9.0,5.25,4.75,15.0,39.0,8.0,78.0,15.25,15.0,14.0,52.5,90.0,46.25,47,74,58,45
396,Heemskerk,Fietsgebruik,"36,10",Kinderen met een handicap,"3,0",5.699999999999999,39.99999999999999,10.3,4.5,5.8,15.6,40.8,9.400000000000002,77.1,14.0,14.8,10.8,49.8,90.7,38.4,54,78,63,54
375,Beverwijk,Fietsgebruik,"36,20",Kinderen met een handicap,"2,8",6.6000000000000005,43.2,10.1,4.3999999999999995,6.1,15.799999999999999,43.5,10.599999999999998,75.60000000000001,13.100000000000001,15.7,10.5,52.8,89.50000000000001,39.8,51,75,59,51
303,Dronten,Fietsgebruik,"36,30",Kinderen met een handicap,"3,1",6.714285714285714,41.85714285714286,8.571428571428571,5.285714285714286,4.285714285714286,13.571428571428571,42.857142857142854,9.571428571428573,75.57142857142857,13.857142857142858,14.142857142857144,10.285714285714285,48.285714285714285,89.0,47.14285714285714,41,75,49,46
3,Appingedam,Fietsgebruik,"36,40",Kinderen met een handicap,"3,1",7.0,37.0,15.0,6.0,7.0,20.0,46.0,10.0,69.0,15.0,20.0,13.0,56.0,88.0,46.0,45,75,55,37
848,Son en Breugel,Fietsgebruik,"36,40",Kinderen met een handicap,"2,9",5.0,41.0,8.5,4.5,6.0,14.5,39.5,8.5,77.0,17.0,11.0,10.5,48.0,90.5,32.0,53,82,59,60
984,Venray,Fietsgebruik,"36,40",Kinderen met een handicap,"2,8",6.5,39.5,10.0,5.5,6.0,15.5,43.0,10.5,75.0,16.0,14.0,11.5,51.5,89.5,37.0,54,82,61,53
1895,Oldambt,Fietsgebruik,"36,40",Kinderen met een handicap,"3,4",6.2727272727272725,36.90909090909091,13.0,6.2727272727272725,7.000000000000001,19.636363636363637,47.54545454545454,9.272727272727272,70.72727272727273,15.363636363636363,22.181818181818183,11.454545454545453,62.18181818181818,88.36363636363636,44.54545454545455,43,70,53,36
294,Winterswijk,Fietsgebruik,"36,50",Kinderen met een handicap,"3,1",5.5,44.5,10.0,5.5,5.0,15.0,38.5,7.5,77.0,17.0,14.5,13.5,52.5,90.0,36.0,54,76,64,53
889,Beesel,Fietsgebruik,"36,50",Kinderen met een handicap,"3,8",5.5,39.5,9.5,5.5,5.5,15.5,44.0,9.5,73.0,18.5,15.0,13.0,52.5,90.0,38.5,53,81,60,47
189,Wierden,Fietsgebruik,"36,60",Kinderen met een handicap,"2,4",3.6666666666666665,37.333333333333336,8.0,5.0,4.166666666666667,13.333333333333334,31.333333333333332,4.5,83.16666666666667,17.333333333333332,12.166666666666668,14.5,51.666666666666664,93.16666666666667,34.666666666666664,55,78,67,56
855,Tilburg,Fietsgebruik,"36,60",Kinderen met een handicap,"3,0",8.1,48.9,11.700000000000001,6.0,6.8999999999999995,17.699999999999996,45.5,12.1,73.0,15.4,16.8,14.100000000000001,50.0,88.5,37.50000000000001,49,78,57,54
431,Oostzaan,Fietsgebruik,"36,70",Kinderen met een handicap,"2,0",5.0,39.0,8.0,4.0,5.0,13.0,37.0,7.0,78.0,15.0,13.0,11.0,51.0,91.0,35.0,54,77,63,56
585,Binnenmaas,Fietsgebruik,"36,70",Kinderen met een handicap,"1,9",4.666666666666666,38.333333333333336,9.0,4.166666666666667,3.666666666666667,13.166666666666666,38.5,7.166666666666667,78.33333333333334,16.333333333333332,16.5,12.0,55.166666666666664,90.16666666666667,44.0,42,75,49,45
627,Waddinxveen,Fietsgebruik,"36,70",Kinderen met een handicap,"2,5",6.0,47.5,9.5,6.0,5.5,15.75,41.75,9.0,77.5,15.0,14.25,10.25,50.75,88.5,46.75,47,76,54,45
200,Apeldoorn,Fietsgebruik,"36,80",Kinderen met een handicap,"2,9",6.000000000000001,44.5,9.937500000000002,5.25,5.750000000000001,15.500000000000002,39.0625,8.75,76.87500000000001,16.250000000000004,14.3125,12.312500000000002,51.625,90.31250000000001,39.875,53,78,60,57
339,Renswoude,Fietsgebruik,"37,00",Kinderen met een handicap,"1,9",3.0,37.0,6.0,3.0,4.0,10.0,33.0,6.0,82.0,15.0,14.0,10.0,49.0,93.0,43.0,48,74,57,43
118,Hoogeveen,Fietsgebruik,"37,10",Kinderen met een handicap,"3,9",4.384615384615385,33.46153846153847,9.230769230769232,5.230769230769232,4.461538461538462,14.846153846153847,39.15384615384615,6.846153846153846,79.15384615384616,14.384615384615383,15.923076923076923,11.153846153846155,54.230769230769226,91.15384615384616,37.38461538461539,46,73,56,43
1507,Horst aan de Maas,Fietsgebruik,"37,10",Kinderen met een handicap,"3,4",4.437499999999999,35.93749999999999,7.437499999999999,4.624999999999999,4.999999999999999,13.125,40.375,8.375,78.12499999999999,16.937500000000004,12.5,10.5625,51.37500000000001,91.43750000000001,34.1875,56,82,64,54
1700,Twenterand,Fietsgebruik,"37,10",Kinderen met een handicap,"3,7",4.6,40.4,10.0,5.8,4.8,16.4,34.8,5.6,79.6,16.4,15.0,14.0,56.4,91.2,36.8,48,72,60,49
569,Nieuwkoop,Fietsgebruik,"37,20",Kinderen met een handicap,"2,2",4.75,44.5,9.0,5.25,4.5,14.25,37.75,7.0,79.75,16.25,13.75,9.5,51.0,89.25,35.75,47,74,58,54
1667,Reusel-De Mierden,Fietsgebruik,"37,20",Kinderen met een handicap,"2,6",4.75,38.75,6.5,4.5,4.75,13.0,36.0,7.75,78.0,17.5,13.0,11.5,50.5,91.5,32.25,52,80,60,54
80,Leeuwarden,Fietsgebruik,"37,30",Kinderen met een handicap,"2,7",6.648648648648649,44.297297297297305,8.2972972972973,3.756756756756756,4.432432432432432,12.810810810810812,45.51351351351351,10.24324324324324,77.72972972972974,12.72972972972973,12.891891891891888,9.029411764705884,48.13513513513513,90.32432432432431,39.351351351351354,56,80,63,51
72,Harlingen,Fietsgebruik,"37,40",Kinderen met een handicap,"2,6",5.333333333333333,37.333333333333336,8.0,3.3333333333333335,3.3333333333333335,12.0,45.0,8.333333333333334,77.66666666666667,13.333333333333334,16.0,8.333333333333334,55.333333333333336,90.66666666666667,34.333333333333336,57,83,65,48
184,Urk,Fietsgebruik,"37,40",Kinderen met een handicap,"3,9",5.0,39.0,8.0,4.0,5.0,12.0,29.0,5.0,80.0,14.0,16.0,18.0,53.0,92.0,58.0,47,72,60,45
233,Ermelo,Fietsgebruik,"37,40",Kinderen met een handicap,"4,8",5.0,42.0,9.0,5.0,4.5,13.5,37.0,7.5,79.0,17.0,13.0,13.0,50.5,90.5,44.0,53,78,62,52
501,Brielle,Fietsgebruik,"37,40",Kinderen met een handicap,"1,7",4.25,39.25,7.5,4.0,4.0,11.75,38.0,7.0,76.75,14.25,16.0,7.666666666666667,54.0,91.25,39.0,52,80,60,58
299,Zevenaar,Fietsgebruik,"37,50",Kinderen met een handicap,"3,4",5.4,44.6,9.0,5.4,5.4,14.6,38.0,7.4,77.2,15.6,15.6,10.4,55.2,90.6,37.0,54,78,64,53
753,Best,Fietsgebruik,"37,50",Kinderen met een handicap,"3,4",6.0,43.0,8.0,4.0,6.0,15.0,41.0,9.0,76.0,17.0,13.0,11.0,51.0,90.0,34.0,54,81,63,56
865,Vught,Fietsgebruik,"37,50",Kinderen met een handicap,"2,6",5.333333333333333,42.666666666666664,10.333333333333334,6.0,6.666666666666667,16.0,41.0,10.0,75.66666666666667,17.0,12.666666666666666,14.666666666666666,47.666666666666664,90.33333333333333,34.333333333333336,51,82,59,58
788,Haaren,Fietsgebruik,"37,60",Kinderen met een handicap,"2,9",4.75,40.25,9.75,7.0,7.25,16.75,39.0,8.75,76.25,18.5,14.25,14.5,50.5,89.75,34.5,52,75,61,59
815,Mill en Sint Hubert,Fietsgebruik,"37,60",Kinderen met een handicap,"2,2",4.75,40.75,8.5,5.5,5.25,15.0,38.25,7.25,76.25,18.25,12.5,13.5,48.25,91.25,35.75,48,79,55,57
584,Oud-Beijerland,Fietsgebruik,"37,70",Kinderen met een handicap,"2,2",5.0,39.0,9.0,4.0,5.0,13.0,40.0,8.0,79.0,16.0,16.0,10.0,54.0,90.0,46.0,50,76,57,50
1655,Halderberge,Fietsgebruik,"37,70",Kinderen met een handicap,"3,1",5.4,44.2,10.4,5.8,6.2,17.0,43.8,10.0,73.4,17.0,16.8,11.8,56.2,88.2,42.8,45,76,54,49
1926,Pijnacker-Nootdorp,Fietsgebruik,"37,70",Kinderen met een handicap,"2,0",5.0,40.333333333333336,7.0,3.3333333333333335,4.333333333333333,11.333333333333334,40.666666666666664,8.333333333333334,81.0,14.0,12.666666666666666,9.666666666666666,48.0,92.33333333333333,43.666666666666664,55,83,62,57
355,Zeist,Fietsgebruik,"37,80",Kinderen met een handicap,"3,2",7.0,44.0,11.6,5.2,5.8,16.6,44.4,10.4,74.6,15.2,13.4,14.0,45.4,89.0,42.8,54,78,62,55
534,Hillegom,Fietsgebruik,"37,90",Kinderen met een handicap,"2,1",5.75,46.75,9.5,5.0,5.25,15.0,40.5,9.0,78.25,14.75,12.5,10.5,49.5,90.0,36.75,52,80,62,52
757,Boxtel,Fietsgebruik,"37,90",Kinderen met een handicap,"4,4",4.333333333333333,41.666666666666664,8.333333333333334,5.0,5.666666666666667,14.666666666666666,37.666666666666664,8.333333333333334,77.0,17.666666666666668,13.0,13.333333333333334,50.333333333333336,91.0,33.333333333333336,56,82,62,54
175,Ommen,Fietsgebruik,"38,10",Kinderen met een handicap,"2,4",3.8181818181818183,37.63636363636363,6.363636363636363,4.454545454545454,3.6363636363636362,11.545454545454547,35.27272727272727,5.363636363636363,81.8181818181818,16.272727272727273,12.636363636363635,8.545454545454545,51.36363636363637,92.0909090909091,35.36363636363636,57,79,66,52
213,Brummen,Fietsgebruik,"38,20",Kinderen met een handicap,"2,7",4.5,40.5,7.666666666666667,4.833333333333333,4.666666666666667,13.166666666666668,35.16666666666667,6.166666666666666,79.66666666666666,17.666666666666664,14.5,10.333333333333334,52.5,91.33333333333334,36.833333333333336,54,79,63,53
370,Beemster,Fietsgebruik,"38,20",Kinderen met een handicap,"2,0",4.5,35.0,7.5,3.5,4.5,12.0,35.5,6.5,80.5,15.0,11.5,11.0,48.5,93.0,34.5,52,77,62,50
737,Tytsjerksteradiel,Fietsgebruik,"38,20",Kinderen met een handicap,"2,5",3.9999999999999996,35.1,7.800000000000001,3.8,3.5,11.799999999999999,40.0,7.4,80.0,15.2,13.3,9.799999999999999,51.5,91.2,37.5,49,77,59,44
743,Asten,Fietsgebruik,"38,30",Kinderen met een handicap,"3,1",5.4,42.0,6.6,4.8,6.0,13.0,40.0,9.2,78.4,16.4,11.8,9.5,46.2,90.4,31.0,51,79,59,52
858,Valkenswaard,Fietsgebruik,"38,30",Kinderen met een handicap,"2,8",6.0,43.666666666666664,9.333333333333334,5.0,5.333333333333333,15.666666666666666,41.0,9.0,74.66666666666667,17.666666666666668,12.333333333333334,13.333333333333334,49.333333333333336,90.0,32.666666666666664,50,79,59,56
847,Someren,Fietsgebruik,"38,40",Kinderen met een handicap,"3,1",5.0,40.6,7.8,5.0,6.0,14.4,39.2,8.4,77.8,17.2,11.0,10.8,48.6,89.8,32.4,53,78,62,53
388,Enkhuizen,Fietsgebruik,"38,50",Kinderen met een handicap,"2,0",6.5,38.0,9.0,4.5,5.0,14.5,44.5,9.5,75.0,13.5,14.0,10.0,49.0,90.0,34.5,56,84,64,49
1674,Roosendaal,Fietsgebruik,"38,50",Kinderen met een handicap,"3,3",6.785714285714286,46.642857142857146,11.357142857142858,5.571428571428571,6.42857142857143,17.357142857142858,46.07142857142857,11.500000000000002,72.78571428571428,16.214285714285715,15.857142857142856,12.571428571428571,54.14285714285714,87.71428571428571,42.21428571428571,48,78,56,47
109,Coevorden,Fietsgebruik,"38,60",Kinderen met een handicap,"2,5",4.111111111111111,33.77777777777778,9.11111111111111,5.666666666666667,4.777777777777778,14.88888888888889,39.55555555555556,7.111111111111111,79.0,14.11111111111111,16.333333333333332,10.88888888888889,55.77777777777778,90.77777777777777,37.888888888888886,45,72,56,43
1680,Aa en Hunze,Fietsgebruik,"38,60",Kinderen met een handicap,"2,3",3.571428571428571,29.85714285714285,8.523809523809524,4.761904761904761,4.3809523809523805,14.142857142857144,40.0,6.380952380952381,79.3809523809524,15.952380952380953,16.047619047619044,8.714285714285712,54.714285714285715,92.0952380952381,37.80952380952381,50,73,60,46
406,Huizen,Fietsgebruik,"38,70",Kinderen met een handicap,"2,5",5.000000000000001,38.53846153846153,8.461538461538462,3.923076923076923,4.692307692307693,13.384615384615385,37.00000000000001,7.76923076923077,77.38461538461539,14.69230769230769,11.23076923076923,8.615384615384615,46.307692307692314,90.76923076923077,37.07692307692307,45,78,52,53
766,Dongen,Fietsgebruik,"38,70",Kinderen met een handicap,"2,5",5.0,42.0,9.5,5.5,6.0,16.0,41.0,9.0,75.5,16.5,16.0,12.5,53.5,90.5,37.5,50,81,58,55
785,Goirle,Fietsgebruik,"38,70",Kinderen met een handicap,"2,3",5.125000000000001,42.125,8.437500000000002,5.1875,5.812500000000001,15.4375,39.25000000000001,8.6875,76.5625,16.875000000000004,14.312499999999998,10.533333333333333,50.625,91.25,35.187499999999986,55,79,64,57
15,Grootegast,Fietsgebruik,"38,80",Kinderen met een handicap,"3,1",3.75,32.0,8.0,4.0,4.0,12.75,41.25,7.0,79.75,15.25,15.5,9.25,54.5,92.0,38.0,43,69,54,43
40,Slochteren,Fietsgebruik,"38,80",Kinderen met een handicap,"2,1",4.2,32.2,8.4,4.4,5.2,14.0,42.2,7.4,76.2,15.8,18.0,10.6,56.0,91.4,42.0,44,72,54,43
216,Culemborg,Fietsgebruik,"38,80",Kinderen met een handicap,"2,2",6.0,49.0,10.0,5.0,6.0,15.0,44.0,9.0,76.0,15.0,14.0,14.0,48.0,90.0,45.0,52,79,59,53
275,Rheden,Fietsgebruik,"38,80",Kinderen met een handicap,"3,4",7.333333333333333,48.0,11.666666666666666,6.0,7.0,18.333333333333332,43.333333333333336,10.0,73.66666666666667,15.333333333333334,16.0,13.666666666666666,50.666666666666664,89.0,41.333333333333336,51,78,60,50
362,Amstelveen,Fietsgebruik,"38,80",Kinderen met een handicap,"2,2",6.0,41.0,9.0,4.0,5.0,13.0,46.0,11.0,78.0,12.0,11.0,10.0,44.0,91.0,43.0,55,81,60,56
363,Amsterdam,Fietsgebruik,"38,80",Kinderen met een handicap,"2,7",8.448979591836734,48.80612244897959,9.826530612244898,4.051020408163265,6.724489795918368,14.642857142857144,47.85714285714285,12.826530612244898,75.46938775510205,9.561224489795917,12.153061224489797,9.896907216494848,40.653061224489804,89.80612244897956,39.15306122448982,60,84,65,56
1774,Dinkelland,Fietsgebruik,"38,80",Kinderen met een handicap,"2,4",3.6666666666666665,37.666666666666664,8.166666666666668,5.083333333333334,4.833333333333334,13.583333333333332,31.583333333333332,5.083333333333334,82.5,16.916666666666668,11.416666666666666,13.58333333333333,48.58333333333333,92.75,30.916666666666668,54,80,64,59
590,Papendrecht,Fietsgebruik,"38,90",Kinderen met een handicap,"2,5",5.0,41.0,10.0,4.0,5.0,14.0,43.0,9.0,77.0,15.0,16.0,11.0,53.0,90.0,47.0,44,78,52,45
1721,Bernheze,Fietsgebruik,"38,90",Kinderen met een handicap,"3,0",4.333333333333334,39.166666666666664,8.333333333333332,5.166666666666667,5.5,14.333333333333332,35.33333333333333,7.166666666666666,78.66666666666667,16.666666666666668,12.5,13.8,48.16666666666667,91.0,33.5,52,79,60,57
450,Uitgeest,Fietsgebruik,"39,10",Kinderen met een handicap,"1,9",4.0,34.0,6.0,3.0,4.0,10.0,36.0,7.0,82.0,14.0,11.0,9.0,46.0,93.0,31.0,55,80,64,61
1525,Teylingen,Fietsgebruik,"39,20",Kinderen met een handicap,"1,8",4.666666666666667,46.666666666666664,8.666666666666666,5.333333333333333,5.0,15.0,40.0,8.666666666666666,80.0,15.0,11.666666666666666,11.0,49.0,90.33333333333333,35.0,58,83,66,60
148,Dalfsen,Fietsgebruik,"39,30",Kinderen met een handicap,"2,2",3.75,38.25,6.624999999999999,4.5,3.9999999999999996,11.5,34.625,5.625,81.625,15.875,12.375,11.833333333333332,49.25,92.25,35.0,53,77,64,51
164,Hengelo,Fietsgebruik,"39,30",Kinderen met een handicap,"3,9",7.3,45.50000000000001,11.799999999999999,6.1000000000000005,7.1,18.0,43.2,9.9,75.7,15.599999999999998,14.700000000000001,12.299999999999999,51.50000000000001,90.10000000000001,38.0,53,79,61,52
90,Smallingerland,Fietsgebruik,"39,50",Kinderen met een handicap,"3,6",5.0,38.0,8.5,4.0,4.0,13.0,41.5,8.0,78.5,14.5,13.5,9.0,52.5,90.5,40.0,51,77,60,46
405,Hoorn,Fietsgebruik,"39,50",Kinderen met een handicap,"2,2",6.230769230769231,38.53846153846154,8.923076923076923,4.076923076923077,5.461538461538462,14.153846153846155,43.53846153846155,9.923076923076923,75.69230769230768,13.307692307692308,14.461538461538462,9.333333333333332,49.769230769230774,90.23076923076924,36.38461538461539,54,81,62,54
25,Marum,Fietsgebruik,"39,60",Kinderen met een handicap,"2,1",3.5,31.5,8.0,4.5,4.5,13.0,42.5,7.0,79.5,15.0,15.0,10.5,53.5,91.5,39.0,44,73,54,45
718,Vlissingen,Fietsgebruik,"39,70",Kinderen met een handicap,"2,8",6.571428571428571,45.285714285714285,10.428571428571429,5.142857142857142,5.857142857142857,16.142857142857146,47.714285714285715,11.714285714285715,71.57142857142857,17.857142857142858,12.857142857142858,11.571428571428571,49.285714285714285,88.42857142857143,44.142857142857146,53,77,63,44
861,Veldhoven,Fietsgebruik,"39,70",Kinderen met een handicap,"3,3",5.666666666666667,43.0,8.666666666666666,5.333333333333333,5.333333333333333,15.0,41.0,9.0,76.66666666666667,16.666666666666668,12.666666666666666,11.0,48.333333333333336,90.0,33.333333333333336,47,78,58,57
147,Borne,Fietsgebruik,"39,80",Kinderen met een handicap,"2,6",4.5,40.5,8.5,5.5,5.0,14.0,36.0,6.0,80.0,16.5,12.5,12.0,51.5,92.0,33.0,58,82,66,57
74,Heerenveen,Fietsgebruik,"39,90",Kinderen met een handicap,"2,3",3.857142857142857,34.285714285714285,6.857142857142858,3.428571428571429,3.5714285714285716,10.714285714285714,39.57142857142857,7.0,80.42857142857143,13.999999999999998,12.285714285714286,9.571428571428571,48.714285714285715,91.85714285714286,36.285714285714285,53,78,61,51
1987,Menterwolde,Fietsgebruik,"40,30",Kinderen met een handicap,"3,6",6.25,35.25,11.5,5.75,6.5,17.75,45.0,8.0,73.75,15.75,21.25,10.75,61.25,89.25,41.5,45,72,56,42
47,Veendam,Fietsgebruik,"40,40",Kinderen met een handicap,"3,7",6.333333333333333,35.0,11.0,5.666666666666667,6.0,17.333333333333332,44.333333333333336,8.333333333333334,74.66666666666667,16.0,19.0,9.666666666666666,59.0,89.33333333333333,42.0,40,71,50,39
98,Weststellingwerf,Fietsgebruik,"40,40",Kinderen met een handicap,"2,9",3.444444444444444,32.55555555555556,6.777777777777778,3.3333333333333335,3.3333333333333335,10.666666666666666,39.0,6.666666666666667,81.11111111111111,14.555555555555554,13.999999999999998,8.666666666666664,51.333333333333336,92.22222222222223,35.22222222222222,48,78,55,43
352,Wijk bij Duurstede,Fietsgebruik,"40,40",Kinderen met een handicap,"2,3",3.75,40.0,6.75,4.0,3.75,11.5,37.0,6.5,80.5,17.0,12.75,10.5,50.25,92.5,38.5,53,79,61,52
397,Heemstede,Fietsgebruik,"40,50",Kinderen met een handicap,"1,7",4.666666666666667,39.666666666666664,8.333333333333334,4.333333333333333,4.666666666666667,12.333333333333334,39.666666666666664,8.333333333333334,79.66666666666667,14.666666666666666,10.333333333333334,9.333333333333334,43.333333333333336,90.66666666666667,32.333333333333336,57,83,62,68
451,Uithoorn,Fietsgebruik,"40,50",Kinderen met een handicap,"2,7",4.454545454545455,39.09090909090909,6.2727272727272725,3.5454545454545454,4.181818181818182,10.81818181818182,40.54545454545455,8.181818181818182,80.9090909090909,13.90909090909091,13.181818181818183,7.545454545454545,47.81818181818182,91.9090909090909,34.545454545454554,51,79,59,58
479,Zaanstad,Fietsgebruik,"40,50",Kinderen met een handicap,"2,3",7.578947368421052,44.631578947368425,11.0,4.578947368421052,6.894736842105262,16.684210526315784,43.31578947368421,10.526315789473681,73.42105263157895,13.315789473684209,15.57894736842105,12.315789473684209,51.73684210526316,88.94736842105263,43.21052631578948,53,79,61,48
498,Drechterland,Fietsgebruik,"40,50",Kinderen met een handicap,"1,7",4.0,31.666666666666668,6.166666666666667,3.666666666666667,4.166666666666667,11.666666666666668,37.33333333333333,7.166666666666667,79.66666666666666,14.666666666666668,11.833333333333334,8.333333333333332,48.833333333333336,93.0,31.666666666666664,53,76,64,52
114,Emmen,Fietsgebruik,"40,60",Kinderen met een handicap,"2,7",6.407407407407406,37.40740740740741,11.962962962962965,6.296296296296295,5.74074074074074,18.03703703703704,41.88888888888889,9.148148148148149,74.92592592592594,13.962962962962967,17.666666666666668,12.11111111111111,56.333333333333336,88.96296296296298,39.29629629629628,44,71,54,37
880,Wormerland,Fietsgebruik,"40,60",Kinderen met een handicap,"2,5",4.666666666666667,35.333333333333336,6.666666666666667,3.3333333333333335,4.666666666666667,12.0,37.333333333333336,6.666666666666666,79.66666666666667,15.333333333333334,12.333333333333334,8.666666666666666,51.0,92.33333333333333,32.333333333333336,52,75,63,55
1731,Midden-Drenthe,Fietsgebruik,"40,60",Kinderen met een handicap,"2,1",3.823529411764706,31.176470588235293,8.588235294117647,5.352941176470587,4.294117647058823,14.176470588235295,39.588235294117645,6.823529411764706,78.94117647058823,14.588235294117647,16.235294117647058,10.000000000000002,54.23529411764706,91.58823529411765,38.705882352941174,50,73,59,47
1705,Lingewaard,Fietsgebruik,"40,70",Kinderen met een handicap,"2,8",5.0,44.333333333333336,8.666666666666666,5.0,5.333333333333333,14.333333333333334,39.0,7.666666666666667,77.66666666666667,15.0,16.333333333333332,11.666666666666666,54.0,91.33333333333333,36.333333333333336,53,79,62,57
59,Achtkarspelen,Fietsgebruik,"40,80",Kinderen met een handicap,"3,2",4.666666666666667,37.0,9.0,4.0,4.0,13.333333333333334,41.0,7.666666666666667,78.33333333333333,14.333333333333334,15.333333333333334,10.0,54.0,90.33333333333333,39.333333333333336,50,75,59,42
263,Maasdriel,Fietsgebruik,"41,00",Kinderen met een handicap,"2,8",5.8,45.2,9.8,5.6,5.4,16.0,40.0,8.6,76.8,15.4,15.6,13.8,55.4,90.0,38.6,43,74,52,47
22,Leek,Fietsgebruik,"41,10",Kinderen met een handicap,"2,8",3.5714285714285716,31.28571428571429,7.428571428571428,4.142857142857143,4.428571428571429,12.142857142857142,41.857142857142854,7.0,80.0,15.285714285714285,14.857142857142858,8.857142857142856,51.57142857142857,92.42857142857143,38.42857142857142,48,71,61,48
398,Heerhugowaard,Fietsgebruik,"41,10",Kinderen met een handicap,"2,2",5.857142857142857,36.714285714285715,8.047619047619047,3.9523809523809526,5.2857142857142865,13.04761904761905,41.666666666666664,9.190476190476188,77.80952380952381,13.761904761904757,13.523809523809524,8.523809523809522,48.61904761904763,91.0,35.285714285714285,53,78,61,53
664,Goes,Fietsgebruik,"41,10",Kinderen met een handicap,"3,1",4.555555555555555,40.77777777777778,9.222222222222221,4.555555555555555,5.222222222222222,14.666666666666666,42.55555555555556,9.222222222222221,75.44444444444444,20.0,12.444444444444443,11.444444444444445,49.77777777777778,90.11111111111111,44.0,54,78,65,49
106,Assen,Fietsgebruik,"41,20",Kinderen met een handicap,"3,1",5.5,35.1,11.4,5.5,6.2,17.200000000000003,43.400000000000006,9.600000000000001,75.2,14.7,14.8,11.4,51.6,89.8,39.900000000000006,53,75,63,49
611,Cromstrijen,Fietsgebruik,"41,20",Kinderen met een handicap,"2,0",4.5,38.0,8.5,4.0,3.5,12.5,38.5,7.0,79.5,16.5,16.5,10.5,55.5,90.5,44.5,44,72,54,48
197,Aalten,Fietsgebruik,"41,30",Kinderen met een handicap,"2,9",5.25,43.25,9.0,5.25,4.75,14.0,37.5,7.25,77.25,16.75,14.75,14.5,54.75,90.75,37.0,56,78,66,48
268,Nijmegen,Fietsgebruik,"41,40",Kinderen met een handicap,"3,1",8.88888888888889,53.77777777777778,9.555555555555555,4.888888888888889,6.444444444444445,15.444444444444445,45.111111111111114,11.666666666666666,75.11111111111113,12.0,12.333333333333336,13.0,42.666666666666664,90.11111111111111,38.22222222222222,59,83,65,60
307,Amersfoort,Fietsgebruik,"41,40",Kinderen met een handicap,"2,4",6.580645161290323,44.29032258064516,10.0,4.67741935483871,5.677419354838709,14.419354838709681,42.322580645161295,9.838709677419356,76.61290322580645,14.354838709677416,12.709677419354838,13.129032258064514,45.322580645161295,90.06451612903226,40.58064516129032,55,81,62,57
823,Oirschot,Fietsgebruik,"41,40",Kinderen met een handicap,"2,7",4.75,39.5,7.0,5.25,5.5,14.0,37.25,8.0,78.25,18.0,11.75,12.0,49.5,91.0,30.5,52,82,60,59
1728,Bladel,Fietsgebruik,"41,40",Kinderen met een handicap,"3,3",4.4,39.6,7.4,5.2,5.0,13.8,36.0,7.8,77.6,17.0,12.0,12.2,50.4,91.4,32.0,50,77,60,54
1735,Hof van Twente,Fietsgebruik,"41,40",Kinderen met een handicap,"2,7",4.1,38.400000000000006,8.9,5.3,4.7,14.600000000000001,34.300000000000004,5.6,80.0,17.500000000000004,13.100000000000001,11.2,52.800000000000004,91.8,32.5,54,78,63,56
1942,Gooise Meren,Fietsgebruik,"41,40",Kinderen met een handicap,"1,8",5.0,38.166666666666664,8.833333333333334,4.0,5.0,13.666666666666668,37.0,7.666666666666667,77.66666666666667,13.833333333333332,9.5,10.666666666666668,41.833333333333336,91.66666666666666,34.666666666666664,55,83,60,60
86,Opsterland,Fietsgebruik,"41,50",Kinderen met een handicap,"2,5",4.333333333333334,35.0,7.833333333333333,3.8333333333333335,3.5,11.666666666666668,40.5,7.333333333333334,79.83333333333333,14.166666666666666,13.666666666666666,9.5,50.833333333333336,91.16666666666667,38.5,53,80,61,49
150,Deventer,Fietsgebruik,"41,60",Kinderen met een handicap,"2,7",6.333333333333333,46.800000000000004,10.4,5.733333333333334,6.0,16.6,41.99999999999999,9.466666666666667,75.86666666666666,15.066666666666665,15.2,12.133333333333333,49.46666666666666,89.93333333333334,37.6,59,83,65,55
1730,Tynaarlo,Fietsgebruik,"41,60",Kinderen met een handicap,"2,1",3.1875,29.25,7.624999999999999,4.250000000000001,4.375,12.5625,39.25,6.312500000000001,80.375,15.8125,14.187499999999998,8.375000000000002,50.0625,92.5625,37.56250000000001,54,78,64,52
547,Leiderdorp,Fietsgebruik,"41,70",Kinderen met een handicap,"2,2",6.0,46.333333333333336,9.0,5.0,5.666666666666667,15.0,41.333333333333336,9.333333333333334,77.66666666666667,15.0,13.333333333333334,10.666666666666666,50.0,90.33333333333333,40.0,55,78,60,58
1663,De Marne,Fietsgebruik,"41,70",Kinderen met een handicap,"2,4",4.75,33.75,10.5,5.0,5.0,15.75,42.75,8.0,75.5,15.25,16.75,10.0,55.25,90.25,39.0,45,75,54,41
484,Alphen aan den Rijn,Fietsgebruik,"41,90",Kinderen met een handicap,"2,3",5.812500000000001,47.125,9.125000000000002,5.124999999999999,4.874999999999999,14.874999999999998,40.75000000000001,8.375000000000002,77.875,15.124999999999998,14.562499999999998,10.437500000000002,51.5,88.8125,39.5625,52,80,59,51
1773,Olst-Wijhe,Fietsgebruik,"41,90",Kinderen met een handicap,"2,4",4.0,39.41666666666666,6.916666666666667,4.583333333333334,4.166666666666667,12.0,35.33333333333332,5.499999999999999,81.0,16.916666666666668,13.583333333333334,10.916666666666668,49.74999999999999,91.75000000000001,33.5,54,77,62,54
845,Sint-Michielsgestel,Fietsgebruik,"42,10",Kinderen met een handicap,"2,4",4.4,39.0,8.2,5.0,5.6,14.4,37.0,7.8,77.4,17.4,12.0,12.4,48.6,91.4,34.0,53,78,61,57
703,Reimerswaal,Fietsgebruik,"42,30",Kinderen met een handicap,"2,7",5.428571428571429,43.714285714285715,10.0,5.142857142857143,5.142857142857143,15.857142857142856,43.57142857142858,9.857142857142858,76.14285714285714,16.57142857142857,13.428571428571429,12.857142857142858,51.0,89.71428571428571,50.85714285714286,50,76,57,40
717,Veere,Fietsgebruik,"42,30",Kinderen met een handicap,"2,1",4.384615384615384,40.69230769230769,8.692307692307693,4.384615384615385,4.384615384615385,13.846153846153848,42.769230769230774,9.230769230769232,76.0,19.538461538461544,11.076923076923077,10.999999999999998,46.153846153846146,89.46153846153845,47.23076923076923,60,78,68,48
17,Haren,Fietsgebruik,"42,40",Kinderen met een handicap,"2,0",3.5,31.0,8.0,5.0,5.0,13.0,40.5,7.5,79.5,16.0,11.5,9.5,46.0,91.5,41.5,56,81,65,53
177,Raalte,Fietsgebruik,"42,40",Kinderen met een handicap,"2,5",4.199999999999999,39.5,7.6000000000000005,4.5,4.3999999999999995,12.7,35.1,5.3999999999999995,80.70000000000002,16.6,12.2,11.5,49.10000000000001,92.19999999999999,31.8,61,81,69,57
313,Bunschoten,Fietsgebruik,"42,40",Kinderen met een handicap,"2,6",4.0,40.0,8.0,4.0,4.0,12.0,37.0,7.0,79.0,15.0,16.0,12.0,52.0,91.0,36.0,53,77,61,50
153,Enschede,Fietsgebruik,"42,50",Kinderen met een handicap,"3,4",8.600000000000001,47.8,12.0,6.1,7.2,18.9,45.0,10.9,74.1,14.399999999999999,15.700000000000001,13.299999999999999,52.2,89.2,38.1,55,79,64,52
203,Barneveld,Fietsgebruik,"42,50",Kinderen met een handicap,"2,0",4.1,41.6,7.2,4.1,4.199999999999999,11.1,35.699999999999996,5.800000000000001,81.2,15.600000000000001,13.3,10.3,48.800000000000004,92.10000000000001,41.7,50,73,60,50
222,Doetinchem,Fietsgebruik,"42,50",Kinderen met een handicap,"4,1",6.909090909090909,47.36363636363637,11.181818181818182,5.909090909090909,5.909090909090909,16.636363636363637,41.272727272727266,9.545454545454547,74.18181818181819,15.909090909090908,15.636363636363635,14.454545454545455,53.545454545454554,89.18181818181819,39.63636363636363,54,77,61,54
351,Woudenberg,Fietsgebruik,"42,50",Kinderen met een handicap,"2,1",5.0,40.0,8.0,4.0,4.0,13.0,39.0,7.0,79.0,16.0,13.0,13.0,49.0,91.0,46.0,51,78,60,45
755,Boekel,Fietsgebruik,"42,50",Kinderen met een handicap,"2,5",5.5,40.0,8.5,5.5,6.0,15.0,37.0,7.0,78.0,17.0,12.5,14.0,47.5,90.0,34.5,55,79,63,58
228,Ede,Fietsgebruik,"42,60",Kinderen met een handicap,"2,4",5.764705882352942,45.176470588235304,9.058823529411764,4.999999999999999,5.588235294117646,13.823529411764705,39.29411764705883,7.764705882352941,78.64705882352942,14.52941176470588,14.235294117647058,14.470588235294116,47.470588235294116,90.58823529411765,45.823529411764696,56,78,62,52
1719,Drimmelen,Fietsgebruik,"42,60",Kinderen met een handicap,"2,8",4.833333333333333,41.5,8.833333333333332,5.0,5.0,14.666666666666666,41.0,8.666666666666668,75.66666666666666,17.333333333333332,14.666666666666668,11.5,52.5,90.33333333333334,36.0,47,78,54,52
160,Hardenberg,Fietsgebruik,"42,70",Kinderen met een handicap,"2,7",3.999999999999999,38.0,7.275862068965517,4.379310344827585,3.8275862068965507,12.551724137931034,34.862068965517246,5.137931034482757,81.17241379310344,15.931034482758621,13.724137931034486,10.67857142857143,53.03448275862069,91.0,35.89655172413792,54,76,63,50
1859,Berkelland,Fietsgebruik,"42,70",Kinderen met een handicap,"3,6",5.2,42.6,10.2,5.2,4.8,15.4,37.0,7.2,78.2,17.0,15.0,13.6,53.8,90.8,36.0,48,77,58,53
50,Zeewolde,Fietsgebruik,"42,90",Kinderen met een handicap,"2,7",6.0,41.0,7.0,4.0,3.0,11.0,42.0,9.0,78.0,14.0,12.0,10.0,47.0,91.0,42.0,47,80,53,53
392,Haarlem,Fietsgebruik,"42,90",Kinderen met een handicap,"2,4",7.0,45.47619047619048,9.714285714285715,3.8095238095238093,5.809523809523811,14.238095238095237,44.0,11.238095238095237,77.04761904761905,12.428571428571427,12.571428571428571,10.619047619047617,45.19047619047619,90.23809523809523,36.8095238095238,58,82,65,58
416,Langedijk,Fietsgebruik,"43,00",Kinderen met een handicap,"2,0",5.0,34.0,7.0,4.0,4.0,12.0,39.0,8.0,79.0,15.0,12.0,9.0,48.0,92.0,33.0,60,81,68,60
532,Stede Broec,Fietsgebruik,"43,10",Kinderen met een handicap,"2,4",5.5,36.5,8.5,4.0,5.0,13.5,40.5,8.0,76.5,14.0,13.0,9.0,50.0,91.0,33.5,56,80,65,51
1685,Landerd,Fietsgebruik,"43,20",Kinderen met een handicap,"3,2",5.25,41.25,9.0,5.75,5.5,15.25,37.75,7.75,77.25,17.25,14.25,12.5,50.25,90.75,34.0,52,77,60,57
1891,Dantumadiel,Fietsgebruik,"43,20",Kinderen met een handicap,"3,3",4.5,36.0,8.25,3.75,3.75,12.25,39.5,7.0,79.25,15.25,15.0,10.0,53.25,90.75,38.25,47,73,59,39
243,Harderwijk,Fietsgebruik,"43,30",Kinderen met een handicap,"2,5",6.333333333333334,44.33333333333333,10.4,5.466666666666668,5.266666666666667,15.6,40.6,9.733333333333333,76.80000000000001,15.666666666666663,13.333333333333332,13.000000000000002,49.6,90.13333333333333,45.266666666666666,50,78,59,53
716,Tholen,Fietsgebruik,"43,30",Kinderen met een handicap,"3,4",6.25,45.0,10.375,5.25,5.5,16.25,44.62499999999999,10.125,75.625,16.75,16.875,12.375,55.75,89.375,47.87500000000001,46,76,56,42
302,Nunspeet,Fietsgebruik,"43,40",Kinderen met een handicap,"2,4",5.0,42.0,8.5,4.5,5.0,13.5,36.5,7.0,78.5,16.5,14.5,13.5,51.0,91.0,48.0,50,76,60,45
244,Hattem,Fietsgebruik,"43,60",Kinderen met een handicap,"2,4",4.0,41.0,7.5,4.0,4.0,12.5,35.0,6.0,80.5,17.5,14.0,11.0,49.5,92.0,42.5,54,75,62,50
327,Leusden,Fietsgebruik,"43,60",Kinderen met een handicap,"2,3",3.8333333333333335,37.33333333333333,7.166666666666667,3.6666666666666665,4.0,11.0,37.33333333333333,7.0,80.66666666666667,15.5,11.833333333333332,10.333333333333332,45.0,92.5,37.0,52,80,59,58
402,Hilversum,Fietsgebruik,"43,60",Kinderen met een handicap,"2,3",6.444444444444445,42.44444444444444,11.333333333333334,4.666666666666667,6.111111111111111,16.0,41.111111111111114,8.88888888888889,74.22222222222223,13.0,11.333333333333334,12.222222222222221,44.0,89.88888888888889,39.888888888888886,55,82,61,52
58,Dongeradeel,Fietsgebruik,"43,70",Kinderen met een handicap,"2,8",4.375,35.875,8.125,3.75,3.875,12.125,40.12500000000001,7.5,79.375,14.375,15.25,10.625,52.375,91.25,38.12500000000001,53,81,62,38
246,Heerde,Fietsgebruik,"43,70",Kinderen met een handicap,"2,5",5.0,42.5,10.0,5.0,5.0,15.5,37.0,7.0,78.0,16.5,15.0,13.0,52.0,90.5,45.5,50,77,59,53
457,Weesp,Fietsgebruik,"43,70",Kinderen met een handicap,"2,3",5.125,39.25,8.750000000000002,3.4999999999999996,4.25,13.125,38.25,7.625,77.625,14.0,11.875,8.875,46.125,91.5,37.37500000000001,53,81,57,55
1927,Molenwaard,Fietsgebruik,"43,70",Kinderen met een handicap,"2,5",4.5,39.08333333333333,7.75,4.416666666666666,3.583333333333334,11.916666666666666,36.083333333333336,6.416666666666666,80.41666666666667,16.749999999999996,14.499999999999998,11.75,51.08333333333333,90.5,49.16666666666667,44,73,55,40
1742,Rijssen-Holten,Fietsgebruik,"43,80",Kinderen met een handicap,"2,5",4.125,39.0,9.125,5.125,4.375,14.5,33.0,5.0,81.625,16.75,12.500000000000002,14.142857142857144,51.00000000000001,92.5,36.75,51,75,62,50
1940,De Fryske Marren,Fietsgebruik,"43,80",Kinderen met een handicap,"2,4",3.235294117647058,31.84313725490196,6.68627450980392,3.2941176470588234,3.2549019607843133,10.549019607843139,39.27450980392155,6.431372549019608,81.90196078431372,14.588235294117647,12.411764705882351,9.541666666666668,48.41176470588236,92.66666666666666,32.39215686274509,49,75,58,44
852,Waterland,Fietsgebruik,"43,90",Kinderen met een handicap,"1,7",4.166666666666667,35.833333333333336,6.166666666666667,3.666666666666667,5.0,11.333333333333332,35.66666666666667,5.833333333333333,79.83333333333333,15.5,11.833333333333332,9.333333333333334,48.166666666666664,91.5,29.333333333333336,57,83,63,58
85,Ooststellingwerf,Fietsgebruik,"44,30",Kinderen met een handicap,"2,6",4.166666666666666,35.33333333333333,8.666666666666666,4.333333333333334,3.8333333333333335,13.333333333333332,40.83333333333333,7.333333333333333,78.83333333333334,14.333333333333334,14.833333333333332,10.333333333333332,52.83333333333333,90.5,40.833333333333336,49,75,59,43
119,Meppel,Fietsgebruik,"44,30",Kinderen met een handicap,"3,0",6.285714285714286,37.857142857142854,9.142857142857144,5.214285714285715,5.000000000000001,15.357142857142856,41.71428571428571,8.928571428571429,78.50000000000001,15.357142857142858,15.428571428571429,11.5,49.57142857142857,90.07142857142857,37.0,48,77,56,50
632,Woerden,Fietsgebruik,"44,40",Kinderen met een handicap,"2,4",4.625,39.0,7.625,4.125,4.375,12.125,37.12500000000001,7.0,80.25000000000001,15.75,12.125,11.25,47.125,92.125,39.125,57,80,65,57
158,Haaksbergen,Fietsgebruik,"44,60",Kinderen met een handicap,"2,7",4.375,39.5,9.624999999999998,5.0,4.75,14.75,34.625,5.875,79.625,17.250000000000004,14.250000000000002,12.125,54.25,91.75,33.75,56,79,66,60
383,Castricum,Fietsgebruik,"44,80",Kinderen met een handicap,"2,0",4.375,34.25,7.125,4.0,4.75,12.125,37.24999999999999,7.5,79.625,15.375,10.124999999999998,8.75,43.125,92.37500000000001,33.375,61,83,68,59
579,Oegstgeest,Fietsgebruik,"44,80",Kinderen met een handicap,"1,4",5.0,48.0,9.0,4.0,5.0,14.0,41.0,9.0,80.0,15.0,10.0,11.0,44.0,90.0,35.0,61,85,65,62
770,Eersel,Fietsgebruik,"44,80",Kinderen met een handicap,"3,4",4.333333333333334,39.5,8.0,6.0,5.333333333333333,14.833333333333332,37.0,8.0,77.66666666666667,17.5,11.5,12.0,49.16666666666667,90.33333333333334,32.333333333333336,53,80,62,62
163,Hellendoorn,Fietsgebruik,"44,90",Kinderen met een handicap,"2,5",4.444444444444445,40.333333333333336,9.777777777777779,5.888888888888889,4.333333333333333,15.666666666666666,34.666666666666664,5.777777777777778,80.0,16.444444444444443,14.0,14.333333333333334,54.333333333333336,91.88888888888889,35.77777777777778,54,79,63,56
279,Scherpenzeel,Fietsgebruik,"44,90",Kinderen met een handicap,"2,3",5.0,42.0,8.0,4.0,5.0,13.0,36.0,7.0,79.0,15.0,15.0,13.0,51.0,92.0,46.0,50,76,60,51
277,Rozendaal,Fietsgebruik,"45,00",Kinderen met een handicap,"3,0",3.0,36.0,7.0,4.0,4.0,11.0,36.0,6.0,82.0,17.0,9.0,8.0,44.0,93.0,33.0,53,86,58,62
1931,Krimpenerwaard,Fietsgebruik,"45,00",Kinderen met een handicap,"2,3",4.833333333333333,44.416666666666664,8.416666666666668,4.666666666666667,4.25,13.5,39.16666666666667,7.5,79.91666666666666,16.166666666666664,15.333333333333334,11.25,53.083333333333336,89.75,45.08333333333333,49,75,59,48
441,Schagen,Fietsgebruik,"45,10",Kinderen met een handicap,"2,1",4.0,32.8,7.4,3.8,4.6,12.6,38.8,7.6,78.4,15.8,12.4,9.0,47.6,92.2,32.8,52,80,61,54
537,Katwijk,Fietsgebruik,"45,20",Kinderen met een handicap,"2,0",6.625,50.875,9.125,5.0,5.0,15.249999999999998,41.125,9.875000000000002,79.5,13.875,15.375000000000002,10.571428571428571,53.875,89.49999999999999,39.5,50,76,60,47
63,het Bildt,Fietsgebruik,"45,30",Kinderen met een handicap,"3,1",4.666666666666667,36.666666666666664,7.666666666666667,3.6666666666666665,3.3333333333333335,11.666666666666666,43.0,8.333333333333334,78.33333333333333,14.0,13.333333333333334,9.666666666666666,52.0,91.0,36.666666666666664,46,78,52,40
1586,Oost Gelre,Fietsgebruik,"45,40",Kinderen met een handicap,"3,7",4.571428571428572,41.857142857142854,7.714285714285714,4.285714285714286,4.285714285714286,12.285714285714286,34.42857142857143,6.0,80.14285714285715,16.857142857142858,13.428571428571429,13.142857142857144,51.85714285714286,92.14285714285714,30.28571428571429,58,79,66,59
273,Putten,Fietsgebruik,"45,50",Kinderen met een handicap,"2,5",5.5,43.0,9.0,5.0,5.0,14.5,38.5,8.5,79.0,16.0,14.0,12.0,52.0,90.5,43.0,55,76,65,56
267,Nijkerk,Fietsgebruik,"45,60",Kinderen met een handicap,"2,7",4.2,41.0,7.4,4.2,4.4,12.0,36.4,7.0,80.0,15.4,14.0,11.2,49.2,91.8,39.2,58,79,65,57
432,Opmeer,Fietsgebruik,"45,60",Kinderen met een handicap,"2,6",3.6666666666666665,31.666666666666668,6.0,3.6666666666666665,4.333333333333333,11.333333333333334,37.666666666666664,7.0,79.66666666666667,14.666666666666666,12.0,9.0,47.0,93.0,32.333333333333336,54,79,62,55
1908,Menameradiel,Fietsgebruik,"45,60",Kinderen met een handicap,"2,7",4.0,34.75,7.0,3.25,3.25,10.75,40.0,7.25,80.5,14.5,12.0,9.0,50.75,91.75,36.0,49,73,58,47
304,Neerijnen,Fietsgebruik,"45,90",Kinderen met een handicap,"2,2",5.666666666666667,44.0,9.0,5.333333333333333,4.666666666666667,14.333333333333334,39.333333333333336,7.333333333333333,78.33333333333333,15.333333333333334,16.333333333333332,13.333333333333334,55.333333333333336,90.33333333333333,44.333333333333336,46,73,55,43
1842,Midden-Delfland,Fietsgebruik,"45,90",Kinderen met een handicap,"1,8",4.0,38.0,7.0,3.5,4.0,10.0,39.0,6.5,82.0,15.5,12.0,9.5,48.5,93.5,38.0,56,81,65,59
221,Doesburg,Fietsgebruik,"46,20",Kinderen met een handicap,"4,0",8.0,49.0,11.0,6.0,7.0,18.0,43.0,10.0,73.0,16.0,20.0,11.0,59.0,89.0,40.0,50,81,57,45
1701,Westerveld,Fietsgebruik,"46,20",Kinderen met een handicap,"2,1",5.333333333333334,32.94444444444444,9.722222222222223,5.555555555555555,4.555555555555555,15.444444444444446,40.94444444444444,7.111111111111111,76.77777777777777,15.5,16.77777777777778,10.333333333333334,54.38888888888889,90.2222222222222,39.33333333333333,47,73,57,45
345,Veenendaal,Fietsgebruik,"46,30",Kinderen met een handicap,"2,4",7.666666666666667,47.0,11.5,4.833333333333333,6.166666666666666,16.333333333333332,42.5,9.666666666666666,73.83333333333333,15.166666666666666,17.0,13.5,52.0,88.5,51.333333333333336,52,77,60,51
310,De Bilt,Fietsgebruik,"46,60",Kinderen met een handicap,"1,9",4.571428571428572,39.142857142857146,8.857142857142858,4.0,4.285714285714286,13.0,39.0,7.142857142857142,78.14285714285714,16.42857142857143,11.571428571428571,11.000000000000002,43.142857142857146,91.57142857142857,36.14285714285714,55,81,62,61
361,Alkmaar,Fietsgebruik,"46,80",Kinderen met een handicap,"2,0",6.6,39.3,8.9,4.199999999999999,5.8,14.3,44.0,10.4,75.49999999999999,13.799999999999999,12.8,10.1,47.1,89.99999999999999,37.8,56,81,64,53
437,Ouder-Amstel,Fietsgebruik,"46,90",Kinderen met een handicap,"2,4",5.0,39.0,8.0,4.0,5.0,12.0,41.0,9.0,79.0,14.0,11.0,9.0,45.0,92.0,36.0,57,78,67,57
301,Zutphen,Fietsgebruik,"47,20",Kinderen met een handicap,"3,3",7.666666666666667,46.66666666666667,10.0,6.0,6.333333333333333,15.833333333333334,42.666666666666664,10.5,74.66666666666667,16.5,15.5,11.333333333333334,51.5,89.33333333333333,41.333333333333336,55,79,64,52
1509,Oude IJsselstreek,Fietsgebruik,"47,20",Kinderen met een handicap,"3,7",6.5,46.75,11.25,6.25,6.0,16.75,39.75,8.5,74.25,16.5,18.0,15.5,57.5,89.5,39.25,52,75,63,54
377,Bloemendaal,Fietsgebruik,"47,40",Kinderen met een handicap,"1,6",4.2,36.8,8.0,4.0,4.4,11.8,36.8,7.4,81.0,15.4,9.4,9.6,41.6,92.0,31.4,56,85,61,66
308,Baarn,Fietsgebruik,"47,50",Kinderen met een handicap,"2,6",8.2,44.2,16.0,8.6,7.8,22.2,44.0,9.8,71.6,16.8,14.2,15.4,47.6,84.0,41.2,51,77,61,54
1896,Zwartewaterland,Fietsgebruik,"47,50",Kinderen met een handicap,"2,5",3.6666666666666665,38.833333333333336,6.5,4.166666666666667,3.8333333333333335,11.833333333333334,35.833333333333336,5.5,82.33333333333333,15.833333333333334,14.333333333333334,10.666666666666666,51.666666666666664,91.83333333333333,38.833333333333336,52,73,63,47
344,Utrecht,Fietsgebruik,"47,90",Kinderen met een handicap,"2,6",8.7,51.8,9.4,4.3,5.6,13.600000000000001,43.8,11.6,75.6,10.200000000000001,11.899999999999999,13.100000000000001,39.099999999999994,89.4,38.6,60,84,67,62
373,Bergen (NH.),Fietsgebruik,"47,90",Kinderen met een handicap,"2,2",4.428571428571429,33.28571428571429,8.428571428571429,4.571428571428572,5.142857142857143,13.571428571428571,39.714285714285715,7.857142857142858,77.42857142857143,15.857142857142858,9.285714285714286,8.714285714285715,43.714285714285715,92.0,33.714285714285715,57,85,64,54
230,Elburg,Fietsgebruik,"48,00",Kinderen met een handicap,"2,1",5.333333333333333,43.666666666666664,8.333333333333334,4.666666666666667,4.666666666666667,13.333333333333334,37.666666666666664,7.333333333333333,78.66666666666667,16.0,15.666666666666666,12.666666666666666,53.333333333333336,90.66666666666667,44.333333333333336,53,76,62,50
70,Franekeradeel,Fietsgebruik,"48,10",Kinderen met een handicap,"2,8",4.833333333333333,37.16666666666667,8.0,3.8333333333333335,3.8333333333333335,12.166666666666666,43.0,8.0,78.5,13.666666666666668,14.666666666666668,9.5,52.666666666666664,90.5,35.833333333333336,50,79,57,45
589,Oudewater,Fietsgebruik,"48,10",Kinderen met een handicap,"2,0",3.5,37.75,7.0,3.75,4.0,10.75,37.5,5.75,82.25,16.75,12.25,9.75,48.75,91.5,38.0,53,78,63,51
687,Middelburg,Fietsgebruik,"48,10",Kinderen met een handicap,"3,1",6.0,44.666666666666664,10.333333333333334,5.166666666666667,5.666666666666667,15.666666666666666,45.833333333333336,11.666666666666666,72.33333333333334,18.0,12.5,12.833333333333332,47.666666666666664,88.66666666666667,47.5,58,83,65,45
285,Voorst,Fietsgebruik,"48,20",Kinderen met een handicap,"3,6",5.75,43.5,9.75,5.5,6.0,15.5,37.25,7.5,77.25,17.25,15.0,13.0,53.0,89.75,36.75,52,76,62,57
353,IJsselstein,Fietsgebruik,"48,20",Kinderen met een handicap,"2,3",7.0,44.0,10.0,4.0,6.0,15.0,44.0,9.0,74.0,16.0,15.0,14.0,51.0,90.0,43.0,51,78,59,52
312,Bunnik,Fietsgebruik,"48,70",Kinderen met een handicap,"2,1",3.3333333333333335,38.333333333333336,7.333333333333333,3.6666666666666665,3.6666666666666665,11.666666666666666,38.0,6.666666666666667,80.66666666666667,16.666666666666668,12.0,10.0,44.666666666666664,92.33333333333333,37.0,57,81,65,57
173,Oldenzaal,Fietsgebruik,"48,80",Kinderen met een handicap,"2,2",4.928571428571428,41.785714285714285,10.285714285714286,5.785714285714286,6.142857142857143,16.142857142857142,37.642857142857146,7.428571428571428,78.71428571428572,16.285714285714285,13.42857142857143,12.428571428571429,50.57142857142858,91.5,32.92857142857143,59,83,66,56
385,Edam-Volendam,Fietsgebruik,"48,90",Kinderen met een handicap,"2,1",4.1,34.7,5.8,3.6,5.2,11.6,36.300000000000004,5.9,79.5,15.8,12.0,8.2,47.29999999999999,92.4,30.799999999999997,54,80,63,55
180,Staphorst,Fietsgebruik,"49,20",Kinderen met een handicap,"2,4",3.1249999999999996,36.875,5.625,4.0,3.375,10.750000000000002,35.375,5.75,83.625,15.5,12.125,10.285714285714286,46.5,91.625,39.375,47,72,58,45
546,Leiden,Fietsgebruik,"49,20",Kinderen met een handicap,"1,8",8.8,56.400000000000006,8.599999999999998,4.3,5.6,13.599999999999998,46.4,12.5,77.8,11.2,11.6,11.3,40.9,89.1,37.099999999999994,63,83,71,59
638,Zoeterwoude,Fietsgebruik,"49,50",Kinderen met een handicap,"2,6",5.0,46.0,8.5,4.5,4.5,13.5,38.0,7.5,79.5,16.0,14.0,9.0,50.5,90.0,35.0,61,79,72,53
14,Groningen,Fietsgebruik,"49,60",Kinderen met een handicap,"2,5",5.642857142857142,38.5,7.785714285714286,3.857142857142857,4.571428571428572,12.214285714285715,44.07142857142858,9.285714285714283,78.07142857142856,10.785714285714288,11.285714285714286,9.785714285714286,41.785714285714285,90.92857142857143,32.50000000000001,60,80,70,60
269,Oldebroek,Fietsgebruik,"50,20",Kinderen met een handicap,"2,7",4.666666666666667,43.333333333333336,8.333333333333334,4.666666666666667,4.666666666666667,13.333333333333334,35.666666666666664,6.666666666666667,80.0,16.333333333333332,15.333333333333334,13.666666666666666,53.0,91.0,45.333333333333336,52,75,60,44
513,Gouda,Fietsgebruik,"50,30",Kinderen met een handicap,"2,7",7.666666666666667,52.888888888888886,10.222222222222221,5.444444444444445,5.888888888888889,16.11111111111111,45.111111111111114,11.0,75.55555555555556,13.777777777777779,14.222222222222221,13.111111111111109,48.333333333333336,87.22222222222223,46.44444444444445,51,77,60,50
321,Houten,Fietsgebruik,"50,70",Kinderen met een handicap,"2,2",3.545454545454546,38.63636363636364,6.272727272727273,3.2727272727272725,3.818181818181818,10.636363636363637,36.63636363636363,6.0,80.09090909090908,16.81818181818182,12.0,9.181818181818182,46.90909090909091,92.81818181818181,39.36363636363636,54,80,63,61
1651,Eemsmond,Fietsgebruik,"51,20",Kinderen met een handicap,"2,9",4.8,34.2,10.0,4.6,5.0,14.8,45.0,8.4,75.6,15.8,17.2,9.2,56.0,89.6,42.6,45,73,56,38
448,Texel,Fietsgebruik,"52,00",Kinderen met een handicap,"1,5",4.0,32.0,8.0,3.5,4.5,12.5,41.0,8.5,78.5,15.0,12.0,9.0,47.0,92.5,38.0,58,78,70,44
503,Delft,Fietsgebruik,"52,70",Kinderen met een handicap,"2,3",6.769230769230768,46.92307692307692,8.153846153846155,3.0769230769230766,4.769230769230769,12.307692307692307,48.07692307692308,11.538461538461538,78.15384615384616,12.076923076923077,11.615384615384617,9.833333333333334,44.76923076923076,90.92307692307692,40.61538461538461,59,80,66,58
193,Zwolle,Fietsgebruik,"52,90",Kinderen met een handicap,"2,7",6.4375,43.4375,10.0,5.062499999999998,5.375,15.500000000000002,39.56249999999999,8.5,77.625,14.9375,12.75,12.6875,45.5625,90.625,38.68749999999999,59,82,67,54
56,Zuidhorn,Fietsgebruik,"53,00",Kinderen met een handicap,"2,5",3.0,31.25,7.75,4.25,4.25,12.75,39.75,7.0,80.0,16.0,13.75,9.0,51.5,91.75,38.5,51,74,60,48
166,Kampen,Fietsgebruik,"53,90",Kinderen met een handicap,"3,2",3.625,38.5,6.125000000000001,4.0,3.625,10.75,33.375,4.875,82.5,15.875,14.375,11.571428571428571,50.75,92.125,41.625,54,79,63,49
335,Montfoort,Fietsgebruik,"54,60",Kinderen met een handicap,"2,2",4.333333333333333,38.0,6.666666666666667,3.6666666666666665,3.6666666666666665,10.666666666666666,36.0,6.333333333333333,80.66666666666667,16.0,12.333333333333334,9.0,48.0,92.33333333333333,37.333333333333336,56,81,64,55
289,Wageningen,Fietsgebruik,"58,30",Kinderen met een handicap,"2,4",7.0,49.0,8.5,5.0,4.5,12.5,44.0,10.5,79.5,12.5,10.0,16.5,37.0,91.5,42.5,67,87,74,66
399,Heiloo,Fietsgebruik,"59,40",Kinderen met een handicap,"1,6",4.0,33.0,7.124999999999999,3.875,4.5,12.125,38.25,7.125,79.125,15.875,9.375,8.857142857142856,43.0,92.375,33.75,60,82,67,60
9,Ten Boer,Fietsgebruik,"59,50",Kinderen met een handicap,"2,4",4.0,31.5,8.0,4.5,5.0,13.5,40.0,7.5,78.5,16.0,17.0,10.5,57.0,91.5,40.0,51,71,65,46
